pokemon_id,move_id
venusaur,acidspray
venusaur,amnesia
venusaur,bodyslam
venusaur,bulldoze
venusaur,bulletseed
venusaur,charm
venusaur,curse
venusaur,doubleedge
venusaur,earthpower
venusaur,earthquake
venusaur,endure
venusaur,energyball
venusaur,facade
venusaur,frenzyplant
venusaur,gigadrain
venusaur,gigaimpact
venusaur,grassknot
venusaur,grassyglide
venusaur,grassyterrain
venusaur,growth
venusaur,helpinghand
venusaur,hyperbeam
venusaur,ingrain
venusaur,knockoff
venusaur,leafstorm
venusaur,leechseed
venusaur,lightscreen
venusaur,outrage
venusaur,petalblizzard
venusaur,petaldance
venusaur,poisonjab
venusaur,poisonpowder
venusaur,powerwhip
venusaur,protect
venusaur,rest
venusaur,roar
venusaur,round
venusaur,scaryface
venusaur,seedbomb
venusaur,sleeppowder
venusaur,sleeptalk
venusaur,sludgebomb
venusaur,sludgewave
venusaur,snore
venusaur,solarbeam
venusaur,stompingtantrum
venusaur,substitute
venusaur,sunnyday
venusaur,sweetscent
venusaur,swordsdance
venusaur,synthesis
venusaur,terrainpulse
venusaur,toxic
venusaur,trailblaze
venusaur,venoshock
venusaur,weatherball
venusaur,worryseed
charizard,acrobatics
charizard,aerialace
charizard,aircutter
charizard,airslash
charizard,ancientpower
charizard,beatup
charizard,bellydrum
charizard,bite
charizard,blastburn
charizard,bodyslam
charizard,breakingswipe
charizard,brickbreak
charizard,brutalswing
charizard,bulldoze
charizard,counter
charizard,crunch
charizard,dig
charizard,doubleedge
charizard,dragoncheer
charizard,dragonclaw
charizard,dragondance
charizard,dragonpulse
charizard,dragonrush
charizard,dragontail
charizard,earthquake
charizard,endure
charizard,facade
charizard,fireblast
charizard,firefang
charizard,firepunch
charizard,firespin
charizard,flamecharge
charizard,flamethrower
charizard,flareblitz
charizard,fling
charizard,fly
charizard,focusblast
charizard,focuspunch
charizard,gigaimpact
charizard,heatcrash
charizard,heatwave
charizard,helpinghand
charizard,hurricane
charizard,hyperbeam
charizard,inferno
charizard,irontail
charizard,megakick
charizard,outrage
charizard,overheat
charizard,protect
charizard,rest
charizard,roar
charizard,rockslide
charizard,rocktomb
charizard,roost
charizard,round
charizard,sandstorm
charizard,scaleshot
charizard,scaryface
charizard,scorchingsands
charizard,shadowclaw
charizard,slash
charizard,sleeptalk
charizard,snore
charizard,solarbeam
charizard,steelwing
charizard,substitute
charizard,sunnyday
charizard,swordsdance
charizard,temperflare
charizard,thunderpunch
charizard,weatherball
charizard,willowisp
blastoise,aquajet
blastoise,aquaring
blastoise,aquatail
blastoise,aurasphere
blastoise,avalanche
blastoise,bite
blastoise,blizzard
blastoise,bodypress
blastoise,bodyslam
blastoise,brickbreak
blastoise,bulldoze
blastoise,chillingwater
blastoise,crunch
blastoise,darkpulse
blastoise,dig
blastoise,dive
blastoise,doubleedge
blastoise,dragonpulse
blastoise,earthquake
blastoise,endure
blastoise,facade
blastoise,fakeout
blastoise,flail
blastoise,flashcannon
blastoise,fling
blastoise,flipturn
blastoise,focusblast
blastoise,focuspunch
blastoise,gigaimpact
blastoise,gyroball
blastoise,haze
blastoise,helpinghand
blastoise,hydrocannon
blastoise,hydropump
blastoise,hyperbeam
blastoise,icebeam
blastoise,icepunch
blastoise,icespinner
blastoise,icywind
blastoise,irondefense
blastoise,ironhead
blastoise,irontail
blastoise,lifedew
blastoise,liquidation
blastoise,megakick
blastoise,mirrorcoat
blastoise,muddywater
blastoise,mudshot
blastoise,outrage
blastoise,protect
blastoise,raindance
blastoise,rapidspin
blastoise,rest
blastoise,roar
blastoise,rockslide
blastoise,rocktomb
blastoise,round
blastoise,scaryface
blastoise,shellsmash
blastoise,sleeptalk
blastoise,smackdown
blastoise,snore
blastoise,substitute
blastoise,surf
blastoise,terrainpulse
blastoise,waterfall
blastoise,waterpulse
blastoise,waterspout
blastoise,wavecrash
blastoise,weatherball
blastoise,whirlpool
blastoise,yawn
blastoise,zenheadbutt
beedrill,acrobatics
beedrill,aerialace
beedrill,agility
beedrill,aircutter
beedrill,assurance
beedrill,attract
beedrill,batonpass
beedrill,brickbreak
beedrill,brutalswing
beedrill,bugbite
beedrill,bugbuzz
beedrill,crosspoison
beedrill,doubleedge
beedrill,doublehit
beedrill,drillrun
beedrill,dualwingbeat
beedrill,electroweb
beedrill,endeavor
beedrill,endure
beedrill,facade
beedrill,fellstinger
beedrill,focusenergy
beedrill,gigadrain
beedrill,gigaimpact
beedrill,hyperbeam
beedrill,irondefense
beedrill,knockoff
beedrill,lunge
beedrill,payback
beedrill,pinmissile
beedrill,poisonjab
beedrill,pollenpuff
beedrill,pounce
beedrill,protect
beedrill,rest
beedrill,round
beedrill,screech
beedrill,skittersmack
beedrill,sleeptalk
beedrill,sludgebomb
beedrill,snore
beedrill,solarbeam
beedrill,stringshot
beedrill,substitute
beedrill,sunnyday
beedrill,swordsdance
beedrill,thief
beedrill,throatchop
beedrill,toxic
beedrill,toxicspikes
beedrill,uturn
beedrill,venoshock
beedrill,xscissor
pidgeot,aerialace
pidgeot,agility
pidgeot,airslash
pidgeot,attract
pidgeot,bravebird
pidgeot,dualwingbeat
pidgeot,endure
pidgeot,facade
pidgeot,featherdance
pidgeot,fly
pidgeot,gigaimpact
pidgeot,heatwave
pidgeot,hurricane
pidgeot,hyperbeam
pidgeot,protect
pidgeot,quickattack
pidgeot,raindance
pidgeot,rest
pidgeot,roost
pidgeot,round
pidgeot,skyattack
pidgeot,sleeptalk
pidgeot,snore
pidgeot,steelwing
pidgeot,substitute
pidgeot,sunnyday
pidgeot,tailwind
pidgeot,thief
pidgeot,uproar
pidgeot,uturn
pidgeot,whirlwind
arbok,acidspray
arbok,beatup
arbok,belch
arbok,bite
arbok,bodyslam
arbok,breakingswipe
arbok,brutalswing
arbok,bulldoze
arbok,coil
arbok,crunch
arbok,darkpulse
arbok,dig
arbok,doubleedge
arbok,dragontail
arbok,earthquake
arbok,endure
arbok,facade
arbok,firefang
arbok,gastroacid
arbok,gigadrain
arbok,gigaimpact
arbok,glare
arbok,gunkshot
arbok,haze
arbok,hyperbeam
arbok,icefang
arbok,irontail
arbok,knockoff
arbok,lashout
arbok,leechlife
arbok,mudshot
arbok,mudslap
arbok,painsplit
arbok,payback
arbok,poisonfang
arbok,poisonjab
arbok,protect
arbok,psychicfangs
arbok,raindance
arbok,rest
arbok,rockslide
arbok,rocktomb
arbok,round
arbok,scaleshot
arbok,scaryface
arbok,screech
arbok,seedbomb
arbok,skittersmack
arbok,sleeptalk
arbok,sludgebomb
arbok,sludgewave
arbok,snarl
arbok,snore
arbok,spite
arbok,spitup
arbok,stockpile
arbok,stompingtantrum
arbok,substitute
arbok,suckerpunch
arbok,sunnyday
arbok,swallow
arbok,switcheroo
arbok,thief
arbok,throatchop
arbok,thunderfang
arbok,toxic
arbok,toxicspikes
arbok,trailblaze
arbok,venoshock
arbok,wrap
pikachu,agility
pikachu,alluringvoice
pikachu,bodyslam
pikachu,brickbreak
pikachu,charge
pikachu,chargebeam
pikachu,charm
pikachu,dig
pikachu,discharge
pikachu,doubleteam
pikachu,drainingkiss
pikachu,eerieimpulse
pikachu,electricterrain
pikachu,electroball
pikachu,electroweb
pikachu,encore
pikachu,endeavor
pikachu,endure
pikachu,facade
pikachu,fakeout
pikachu,faketears
pikachu,feint
pikachu,flail
pikachu,fling
pikachu,focuspunch
pikachu,grassknot
pikachu,helpinghand
pikachu,irontail
pikachu,knockoff
pikachu,lightscreen
pikachu,megakick
pikachu,nastyplot
pikachu,nuzzle
pikachu,playrough
pikachu,protect
pikachu,quickattack
pikachu,raindance
pikachu,reflect
pikachu,rest
pikachu,reversal
pikachu,risingvoltage
pikachu,round
pikachu,sleeptalk
pikachu,snore
pikachu,substitute
pikachu,surf
pikachu,sweetkiss
pikachu,thief
pikachu,thunder
pikachu,thunderbolt
pikachu,thunderpunch
pikachu,thunderwave
pikachu,tickle
pikachu,trailblaze
pikachu,upperhand
pikachu,voltswitch
pikachu,volttackle
pikachu,wildcharge
pikachu,wish
pikachu,zapcannon
raichu,agility
raichu,alluringvoice
raichu,bodyslam
raichu,brickbreak
raichu,brutalswing
raichu,charge
raichu,chargebeam
raichu,charm
raichu,dazzlinggleam
raichu,dig
raichu,discharge
raichu,doubleteam
raichu,drainingkiss
raichu,drainpunch
raichu,eerieimpulse
raichu,electricterrain
raichu,electroball
raichu,electroweb
raichu,encore
raichu,endeavor
raichu,endure
raichu,facade
raichu,fakeout
raichu,faketears
raichu,feint
raichu,flail
raichu,fling
raichu,focusblast
raichu,focuspunch
raichu,gigaimpact
raichu,grassknot
raichu,helpinghand
raichu,hyperbeam
raichu,irontail
raichu,knockoff
raichu,lightscreen
raichu,megakick
raichu,nastyplot
raichu,nuzzle
raichu,playrough
raichu,protect
raichu,quickattack
raichu,raindance
raichu,reflect
raichu,rest
raichu,reversal
raichu,risingvoltage
raichu,round
raichu,sleeptalk
raichu,snore
raichu,substitute
raichu,surf
raichu,sweetkiss
raichu,thief
raichu,thunder
raichu,thunderbolt
raichu,thunderpunch
raichu,thunderwave
raichu,tickle
raichu,trailblaze
raichu,upperhand
raichu,voltswitch
raichu,volttackle
raichu,wildcharge
raichu,wish
raichu,zapcannon
raichualola,agility
raichualola,alluringvoice
raichualola,bodyslam
raichualola,brickbreak
raichualola,calmmind
raichualola,charge
raichualola,chargebeam
raichualola,charm
raichualola,dazzlinggleam
raichualola,dig
raichualola,discharge
raichualola,doubleteam
raichualola,drainingkiss
raichualola,eerieimpulse
raichualola,electricterrain
raichualola,electroball
raichualola,electroweb
raichualola,encore
raichualola,endeavor
raichualola,endure
raichualola,expandingforce
raichualola,facade
raichualola,fakeout
raichualola,faketears
raichualola,feint
raichualola,flail
raichualola,fling
raichualola,focusblast
raichualola,focuspunch
raichualola,gigaimpact
raichualola,grassknot
raichualola,helpinghand
raichualola,hyperbeam
raichualola,irontail
raichualola,knockoff
raichualola,lightscreen
raichualola,magicroom
raichualola,megakick
raichualola,nastyplot
raichualola,nuzzle
raichualola,playrough
raichualola,protect
raichualola,psychic
raichualola,psychicnoise
raichualola,psychicterrain
raichualola,psyshock
raichualola,quickattack
raichualola,raindance
raichualola,reflect
raichualola,rest
raichualola,reversal
raichualola,risingvoltage
raichualola,round
raichualola,skillswap
raichualola,sleeptalk
raichualola,snore
raichualola,speedswap
raichualola,storedpower
raichualola,substitute
raichualola,surf
raichualola,sweetkiss
raichualola,thief
raichualola,thunder
raichualola,thunderbolt
raichualola,thunderpunch
raichualola,thunderwave
raichualola,tickle
raichualola,trailblaze
raichualola,upperhand
raichualola,voltswitch
raichualola,volttackle
raichualola,wildcharge
raichualola,wish
raichualola,zapcannon
clefable,afteryou
clefable,airslash
clefable,alluringvoice
clefable,amnesia
clefable,batonpass
clefable,blizzard
clefable,bodyslam
clefable,bounce
clefable,brickbreak
clefable,calmmind
clefable,chargebeam
clefable,charm
clefable,chillingwater
clefable,copycat
clefable,cosmicpower
clefable,dazzlinggleam
clefable,dig
clefable,doubleedge
clefable,drainingkiss
clefable,drainpunch
clefable,dualwingbeat
clefable,encore
clefable,endeavor
clefable,endure
clefable,facade
clefable,faketears
clefable,fireblast
clefable,firepunch
clefable,flamethrower
clefable,fling
clefable,focusblast
clefable,focuspunch
clefable,followme
clefable,futuresight
clefable,gigaimpact
clefable,grassknot
clefable,gravity
clefable,healingwish
clefable,healpulse
clefable,helpinghand
clefable,hyperbeam
clefable,hypervoice
clefable,icebeam
clefable,icepunch
clefable,icywind
clefable,imprison
clefable,knockoff
clefable,lifedew
clefable,lightscreen
clefable,meteorbeam
clefable,meteormash
clefable,mistyexplosion
clefable,mistyterrain
clefable,moonblast
clefable,moonlight
clefable,mysticalfire
clefable,nightshade
clefable,playrough
clefable,protect
clefable,psychic
clefable,psychup
clefable,psyshock
clefable,raindance
clefable,reflect
clefable,rest
clefable,round
clefable,safeguard
clefable,shadowball
clefable,sing
clefable,skillswap
clefable,sleeptalk
clefable,snore
clefable,solarbeam
clefable,stealthrock
clefable,storedpower
clefable,substitute
clefable,sunnyday
clefable,sweetkiss
clefable,thief
clefable,thunder
clefable,thunderbolt
clefable,thunderpunch
clefable,thunderwave
clefable,tickle
clefable,triattack
clefable,trick
clefable,uproar
clefable,waterpulse
clefable,wish
clefable,wonderroom
clefable,zenheadbutt
ninetales,agility
ninetales,attract
ninetales,babydolleyes
ninetales,batonpass
ninetales,bodyslam
ninetales,burningjealousy
ninetales,calmmind
ninetales,charm
ninetales,confuseray
ninetales,darkpulse
ninetales,dig
ninetales,disable
ninetales,doubleedge
ninetales,encore
ninetales,endure
ninetales,energyball
ninetales,extrasensory
ninetales,facade
ninetales,faketears
ninetales,fireblast
ninetales,firespin
ninetales,flail
ninetales,flamecharge
ninetales,flamethrower
ninetales,flareblitz
ninetales,foulplay
ninetales,gigaimpact
ninetales,healingwish
ninetales,heatwave
ninetales,helpinghand
ninetales,hex
ninetales,howl
ninetales,hyperbeam
ninetales,hypnosis
ninetales,imprison
ninetales,inferno
ninetales,irontail
ninetales,memento
ninetales,mysticalfire
ninetales,nastyplot
ninetales,nightshade
ninetales,overheat
ninetales,painsplit
ninetales,payback
ninetales,powerswap
ninetales,protect
ninetales,psychup
ninetales,psyshock
ninetales,quickattack
ninetales,rest
ninetales,roar
ninetales,round
ninetales,safeguard
ninetales,scorchingsands
ninetales,shadowball
ninetales,sleeptalk
ninetales,snarl
ninetales,snore
ninetales,solarbeam
ninetales,spite
ninetales,storedpower
ninetales,substitute
ninetales,sunnyday
ninetales,tailslap
ninetales,weatherball
ninetales,willowisp
ninetales,zenheadbutt
ninetalesalola,agility
ninetalesalola,attract
ninetalesalola,auroraveil
ninetalesalola,avalanche
ninetalesalola,babydolleyes
ninetalesalola,batonpass
ninetalesalola,blizzard
ninetalesalola,bodyslam
ninetalesalola,calmmind
ninetalesalola,charm
ninetalesalola,chillingwater
ninetalesalola,confuseray
ninetalesalola,darkpulse
ninetalesalola,dazzlinggleam
ninetalesalola,dig
ninetalesalola,disable
ninetalesalola,doubleedge
ninetalesalola,drainingkiss
ninetalesalola,encore
ninetalesalola,endure
ninetalesalola,extrasensory
ninetalesalola,facade
ninetalesalola,faketears
ninetalesalola,flail
ninetalesalola,foulplay
ninetalesalola,freezedry
ninetalesalola,gigaimpact
ninetalesalola,helpinghand
ninetalesalola,hex
ninetalesalola,howl
ninetalesalola,hyperbeam
ninetalesalola,hypnosis
ninetalesalola,icebeam
ninetalesalola,iceshard
ninetalesalola,iciclespear
ninetalesalola,icywind
ninetalesalola,imprison
ninetalesalola,irontail
ninetalesalola,mistyterrain
ninetalesalola,moonblast
ninetalesalola,nastyplot
ninetalesalola,painsplit
ninetalesalola,payback
ninetalesalola,playrough
ninetalesalola,powerswap
ninetalesalola,protect
ninetalesalola,psychup
ninetalesalola,psyshock
ninetalesalola,raindance
ninetalesalola,rest
ninetalesalola,roar
ninetalesalola,round
ninetalesalola,safeguard
ninetalesalola,sleeptalk
ninetalesalola,snore
ninetalesalola,snowscape
ninetalesalola,spite
ninetalesalola,storedpower
ninetalesalola,substitute
ninetalesalola,tailslap
ninetalesalola,tripleaxel
ninetalesalola,weatherball
ninetalesalola,wonderroom
ninetalesalola,zenheadbutt
vileplume,acidspray
vileplume,afteryou
vileplume,attract
vileplume,bodyslam
vileplume,bulletseed
vileplume,charm
vileplume,corrosivegas
vileplume,dazzlinggleam
vileplume,endure
vileplume,energyball
vileplume,facade
vileplume,flail
vileplume,fling
vileplume,gigadrain
vileplume,gigaimpact
vileplume,grassknot
vileplume,grassyglide
vileplume,grassyterrain
vileplume,growth
vileplume,helpinghand
vileplume,hyperbeam
vileplume,ingrain
vileplume,leafstorm
vileplume,leechseed
vileplume,moonblast
vileplume,moonlight
vileplume,petalblizzard
vileplume,petaldance
vileplume,poisonpowder
vileplume,pollenpuff
vileplume,protect
vileplume,rest
vileplume,round
vileplume,seedbomb
vileplume,sleeppowder
vileplume,sleeptalk
vileplume,sludgebomb
vileplume,sludgewave
vileplume,snore
vileplume,solarbeam
vileplume,solarblade
vileplume,strengthsap
vileplume,stunspore
vileplume,substitute
vileplume,sunnyday
vileplume,sweetscent
vileplume,swordsdance
vileplume,synthesis
vileplume,teeterdance
vileplume,tickle
vileplume,toxic
vileplume,trailblaze
vileplume,venoshock
vileplume,weatherball
arcanine,aerialace
arcanine,agility
arcanine,bite
arcanine,bodyslam
arcanine,bulldoze
arcanine,burnup
arcanine,charm
arcanine,closecombat
arcanine,covet
arcanine,crunch
arcanine,curse
arcanine,dig
arcanine,doubleedge
arcanine,dragonpulse
arcanine,endure
arcanine,extremespeed
arcanine,facade
arcanine,fireblast
arcanine,firefang
arcanine,firespin
arcanine,flamecharge
arcanine,flamethrower
arcanine,flareblitz
arcanine,gigaimpact
arcanine,heatcrash
arcanine,heatwave
arcanine,helpinghand
arcanine,howl
arcanine,hyperbeam
arcanine,hypervoice
arcanine,ironhead
arcanine,irontail
arcanine,morningsun
arcanine,outrage
arcanine,overheat
arcanine,playrough
arcanine,protect
arcanine,psychicfangs
arcanine,ragingfury
arcanine,rest
arcanine,reversal
arcanine,roar
arcanine,round
arcanine,scaryface
arcanine,scorchingsands
arcanine,sleeptalk
arcanine,snarl
arcanine,snore
arcanine,solarbeam
arcanine,substitute
arcanine,sunnyday
arcanine,temperflare
arcanine,thief
arcanine,thrash
arcanine,thunderfang
arcanine,wildcharge
arcanine,willowisp
arcaninehisui,aerialace
arcaninehisui,agility
arcaninehisui,bite
arcaninehisui,bodyslam
arcaninehisui,bulldoze
arcaninehisui,burnup
arcaninehisui,closecombat
arcaninehisui,covet
arcaninehisui,crunch
arcaninehisui,dig
arcaninehisui,doubleedge
arcaninehisui,dragonpulse
arcaninehisui,endure
arcaninehisui,extremespeed
arcaninehisui,facade
arcaninehisui,fireblast
arcaninehisui,firefang
arcaninehisui,firespin
arcaninehisui,flamecharge
arcaninehisui,flamethrower
arcaninehisui,flareblitz
arcaninehisui,gigaimpact
arcaninehisui,headsmash
arcaninehisui,heatcrash
arcaninehisui,heatwave
arcaninehisui,helpinghand
arcaninehisui,howl
arcaninehisui,hyperbeam
arcaninehisui,hypervoice
arcaninehisui,ironhead
arcaninehisui,irontail
arcaninehisui,morningsun
arcaninehisui,outrage
arcaninehisui,overheat
arcaninehisui,powergem
arcaninehisui,protect
arcaninehisui,psychicfangs
arcaninehisui,ragingfury
arcaninehisui,rest
arcaninehisui,reversal
arcaninehisui,roar
arcaninehisui,rockblast
arcaninehisui,rockslide
arcaninehisui,rocktomb
arcaninehisui,round
arcaninehisui,sandstorm
arcaninehisui,scaryface
arcaninehisui,scorchingsands
arcaninehisui,sleeptalk
arcaninehisui,smackdown
arcaninehisui,smartstrike
arcaninehisui,snarl
arcaninehisui,snore
arcaninehisui,solarbeam
arcaninehisui,stealthrock
arcaninehisui,stoneedge
arcaninehisui,substitute
arcaninehisui,sunnyday
arcaninehisui,temperflare
arcaninehisui,thief
arcaninehisui,thrash
arcaninehisui,thunderfang
arcaninehisui,wildcharge
arcaninehisui,willowisp
alakazam,allyswitch
alakazam,attract
alakazam,bodyslam
alakazam,calmmind
alakazam,dazzlinggleam
alakazam,disable
alakazam,doubleteam
alakazam,drainpunch
alakazam,encore
alakazam,endure
alakazam,energyball
alakazam,expandingforce
alakazam,facade
alakazam,firepunch
alakazam,fling
alakazam,focusblast
alakazam,foulplay
alakazam,futuresight
alakazam,gigaimpact
alakazam,grassknot
alakazam,guardsplit
alakazam,guardswap
alakazam,hyperbeam
alakazam,icepunch
alakazam,imprison
alakazam,irontail
alakazam,lightscreen
alakazam,magicroom
alakazam,megakick
alakazam,nastyplot
alakazam,powerswap
alakazam,protect
alakazam,psychic
alakazam,psychicterrain
alakazam,psychocut
alakazam,psyshock
alakazam,raindance
alakazam,recover
alakazam,reflect
alakazam,rest
alakazam,roleplay
alakazam,round
alakazam,safeguard
alakazam,shadowball
alakazam,skillswap
alakazam,sleeptalk
alakazam,snore
alakazam,speedswap
alakazam,storedpower
alakazam,substitute
alakazam,sunnyday
alakazam,taunt
alakazam,thief
alakazam,thunderpunch
alakazam,thunderwave
alakazam,triattack
alakazam,trick
alakazam,trickroom
alakazam,wonderroom
alakazam,zenheadbutt
machamp,assurance
machamp,attract
machamp,bodyslam
machamp,brickbreak
machamp,brutalswing
machamp,bulkup
machamp,bulldoze
machamp,bulletpunch
machamp,closecombat
machamp,coaching
machamp,counter
machamp,crosschop
machamp,crosspoison
machamp,darkestlariat
machamp,detect
machamp,dig
machamp,doubleedge
machamp,drainpunch
machamp,dynamicpunch
machamp,earthquake
machamp,encore
machamp,endure
machamp,facade
machamp,fireblast
machamp,firepunch
machamp,flamethrower
machamp,fling
machamp,focusblast
machamp,focusenergy
machamp,gigaimpact
machamp,heavyslam
machamp,helpinghand
machamp,highhorsepower
machamp,hyperbeam
machamp,icepunch
machamp,knockoff
machamp,lightscreen
machamp,lowkick
machamp,lowsweep
machamp,megakick
machamp,payback
machamp,poisonjab
machamp,protect
machamp,quickguard
machamp,raindance
machamp,rest
machamp,reversal
machamp,rockblast
machamp,rockslide
machamp,rocktomb
machamp,round
machamp,scaryface
machamp,seismictoss
machamp,sleeptalk
machamp,snore
machamp,stompingtantrum
machamp,stoneedge
machamp,stormthrow
machamp,substitute
machamp,sunnyday
machamp,superpower
machamp,thief
machamp,throatchop
machamp,thunderpunch
machamp,tickle
machamp,wideguard
victreebel,acidspray
victreebel,bodyslam
victreebel,bugbite
victreebel,bulletseed
victreebel,clearsmog
victreebel,encore
victreebel,endure
victreebel,energyball
victreebel,facade
victreebel,gastroacid
victreebel,gigadrain
victreebel,gigaimpact
victreebel,grassknot
victreebel,grassyglide
victreebel,grassyterrain
victreebel,growth
victreebel,hyperbeam
victreebel,ingrain
victreebel,knockoff
victreebel,leafblade
victreebel,leafstorm
victreebel,leechlife
victreebel,lunge
victreebel,poisonjab
victreebel,poisonpowder
victreebel,pounce
victreebel,powerwhip
victreebel,protect
victreebel,reflect
victreebel,rest
victreebel,round
victreebel,scaryface
victreebel,seedbomb
victreebel,sleeppowder
victreebel,sleeptalk
victreebel,sludgebomb
victreebel,sludgewave
victreebel,snore
victreebel,solarbeam
victreebel,spitup
victreebel,stockpile
victreebel,strengthsap
victreebel,stunspore
victreebel,substitute
victreebel,suckerpunch
victreebel,sunnyday
victreebel,swallow
victreebel,sweetscent
victreebel,swordsdance
victreebel,synthesis
victreebel,thief
victreebel,tickle
victreebel,toxic
victreebel,toxicspikes
victreebel,trailblaze
victreebel,venoshock
victreebel,weatherball
victreebel,worryseed
victreebel,wrap
slowbro,amnesia
slowbro,avalanche
slowbro,belch
slowbro,bellydrum
slowbro,blizzard
slowbro,block
slowbro,bodypress
slowbro,bodyslam
slowbro,brickbreak
slowbro,bulldoze
slowbro,calmmind
slowbro,chillingwater
slowbro,curse
slowbro,dig
slowbro,disable
slowbro,dive
slowbro,drainpunch
slowbro,earthquake
slowbro,endure
slowbro,expandingforce
slowbro,facade
slowbro,fireblast
slowbro,flamethrower
slowbro,fling
slowbro,focusblast
slowbro,focuspunch
slowbro,foulplay
slowbro,futuresight
slowbro,gigaimpact
slowbro,grassknot
slowbro,healpulse
slowbro,helpinghand
slowbro,hydropump
slowbro,hyperbeam
slowbro,icebeam
slowbro,icepunch
slowbro,icywind
slowbro,imprison
slowbro,irondefense
slowbro,irontail
slowbro,lightscreen
slowbro,liquidation
slowbro,muddywater
slowbro,mudshot
slowbro,nastyplot
slowbro,protect
slowbro,psychic
slowbro,psychicnoise
slowbro,psychicterrain
slowbro,psychup
slowbro,psyshock
slowbro,raindance
slowbro,razorshell
slowbro,rest
slowbro,round
slowbro,safeguard
slowbro,scald
slowbro,shadowball
slowbro,skillswap
slowbro,slackoff
slowbro,sleeptalk
slowbro,snore
slowbro,snowscape
slowbro,storedpower
slowbro,substitute
slowbro,sunnyday
slowbro,surf
slowbro,thunderwave
slowbro,triattack
slowbro,trick
slowbro,trickroom
slowbro,waterfall
slowbro,waterpulse
slowbro,weatherball
slowbro,whirlpool
slowbro,wonderroom
slowbro,yawn
slowbro,zenheadbutt
slowbrogalar,acidspray
slowbrogalar,amnesia
slowbrogalar,avalanche
slowbrogalar,belch
slowbrogalar,bellydrum
slowbrogalar,blizzard
slowbrogalar,block
slowbrogalar,bodypress
slowbrogalar,bodyslam
slowbrogalar,brickbreak
slowbrogalar,bulldoze
slowbrogalar,calmmind
slowbrogalar,chillingwater
slowbrogalar,curse
slowbrogalar,dig
slowbrogalar,disable
slowbrogalar,dive
slowbrogalar,doubleedge
slowbrogalar,drainpunch
slowbrogalar,earthquake
slowbrogalar,endure
slowbrogalar,expandingforce
slowbrogalar,facade
slowbrogalar,fireblast
slowbrogalar,flamethrower
slowbrogalar,fling
slowbrogalar,focusblast
slowbrogalar,foulplay
slowbrogalar,futuresight
slowbrogalar,gigaimpact
slowbrogalar,grassknot
slowbrogalar,gunkshot
slowbrogalar,haze
slowbrogalar,healpulse
slowbrogalar,helpinghand
slowbrogalar,hydropump
slowbrogalar,hyperbeam
slowbrogalar,icebeam
slowbrogalar,icefang
slowbrogalar,icepunch
slowbrogalar,icywind
slowbrogalar,imprison
slowbrogalar,irondefense
slowbrogalar,irontail
slowbrogalar,lightscreen
slowbrogalar,liquidation
slowbrogalar,muddywater
slowbrogalar,mudshot
slowbrogalar,nastyplot
slowbrogalar,poisonjab
slowbrogalar,powergem
slowbrogalar,protect
slowbrogalar,psychic
slowbrogalar,psychicterrain
slowbrogalar,psychup
slowbrogalar,psyshock
slowbrogalar,raindance
slowbrogalar,razorshell
slowbrogalar,rest
slowbrogalar,rockblast
slowbrogalar,round
slowbrogalar,safeguard
slowbrogalar,sandstorm
slowbrogalar,scaryface
slowbrogalar,shadowball
slowbrogalar,shellsidearm
slowbrogalar,skillswap
slowbrogalar,slackoff
slowbrogalar,sleeptalk
slowbrogalar,sludgebomb
slowbrogalar,sludgewave
slowbrogalar,smackdown
slowbrogalar,snore
slowbrogalar,snowscape
slowbrogalar,storedpower
slowbrogalar,substitute
slowbrogalar,sunnyday
slowbrogalar,surf
slowbrogalar,thunderwave
slowbrogalar,toxic
slowbrogalar,toxicspikes
slowbrogalar,triattack
slowbrogalar,trick
slowbrogalar,trickroom
slowbrogalar,venoshock
slowbrogalar,waterfall
slowbrogalar,waterpulse
slowbrogalar,weatherball
slowbrogalar,whirlpool
slowbrogalar,wonderroom
slowbrogalar,yawn
slowbrogalar,zenheadbutt
gengar,acidspray
gengar,bodyslam
gengar,brickbreak
gengar,clearsmog
gengar,confuseray
gengar,corrosivegas
gengar,curse
gengar,darkpulse
gengar,dazzlinggleam
gengar,destinybond
gengar,disable
gengar,drainpunch
gengar,endure
gengar,energyball
gengar,facade
gengar,firepunch
gengar,fling
gengar,focusblast
gengar,focuspunch
gengar,foulplay
gengar,gigadrain
gengar,gigaimpact
gengar,gunkshot
gengar,haze
gengar,hex
gengar,hyperbeam
gengar,hypnosis
gengar,icepunch
gengar,icywind
gengar,imprison
gengar,knockoff
gengar,meanlook
gengar,nastyplot
gengar,nightshade
gengar,painsplit
gengar,payback
gengar,perishsong
gengar,phantomforce
gengar,poisonjab
gengar,poltergeist
gengar,protect
gengar,psychic
gengar,psychicnoise
gengar,psychup
gengar,raindance
gengar,reflecttype
gengar,rest
gengar,round
gengar,scaryface
gengar,selfdestruct
gengar,shadowball
gengar,shadowclaw
gengar,shadowpunch
gengar,skillswap
gengar,skittersmack
gengar,sleeptalk
gengar,sludgebomb
gengar,sludgewave
gengar,snore
gengar,spite
gengar,substitute
gengar,suckerpunch
gengar,sunnyday
gengar,taunt
gengar,thief
gengar,thunder
gengar,thunderbolt
gengar,thunderpunch
gengar,thunderwave
gengar,toxic
gengar,toxicspikes
gengar,trick
gengar,trickroom
gengar,venoshock
gengar,willowisp
gengar,wonderroom
kangaskhan,assurance
kangaskhan,attract
kangaskhan,avalanche
kangaskhan,beatup
kangaskhan,bite
kangaskhan,blizzard
kangaskhan,bodyslam
kangaskhan,brickbreak
kangaskhan,bulldoze
kangaskhan,circlethrow
kangaskhan,counter
kangaskhan,crunch
kangaskhan,dig
kangaskhan,disable
kangaskhan,doubleedge
kangaskhan,doublehit
kangaskhan,drainpunch
kangaskhan,dynamicpunch
kangaskhan,earthquake
kangaskhan,endeavor
kangaskhan,endure
kangaskhan,facade
kangaskhan,fakeout
kangaskhan,fireblast
kangaskhan,firepunch
kangaskhan,flamethrower
kangaskhan,fling
kangaskhan,focusblast
kangaskhan,focusenergy
kangaskhan,gigaimpact
kangaskhan,hammerarm
kangaskhan,helpinghand
kangaskhan,hydropump
kangaskhan,hyperbeam
kangaskhan,icebeam
kangaskhan,icepunch
kangaskhan,icywind
kangaskhan,irontail
kangaskhan,lastresort
kangaskhan,lowkick
kangaskhan,megakick
kangaskhan,outrage
kangaskhan,protect
kangaskhan,raindance
kangaskhan,rest
kangaskhan,reversal
kangaskhan,rockslide
kangaskhan,rocktomb
kangaskhan,round
kangaskhan,safeguard
kangaskhan,sandstorm
kangaskhan,shadowball
kangaskhan,shadowclaw
kangaskhan,sleeptalk
kangaskhan,snore
kangaskhan,solarbeam
kangaskhan,substitute
kangaskhan,suckerpunch
kangaskhan,sunnyday
kangaskhan,surf
kangaskhan,terrainpulse
kangaskhan,thief
kangaskhan,thunder
kangaskhan,thunderbolt
kangaskhan,thunderpunch
kangaskhan,uproar
kangaskhan,whirlpool
starmie,agility
starmie,allyswitch
starmie,ancientpower
starmie,aquajet
starmie,avalanche
starmie,blizzard
starmie,bulkup
starmie,chargebeam
starmie,chillingwater
starmie,confuseray
starmie,cosmicpower
starmie,dazzlinggleam
starmie,dive
starmie,doubleedge
starmie,endure
starmie,expandingforce
starmie,facade
starmie,flashcannon
starmie,flipturn
starmie,gigaimpact
starmie,grassknot
starmie,gravity
starmie,gyroball
starmie,hydropump
starmie,hyperbeam
starmie,icebeam
starmie,icespinner
starmie,icywind
starmie,lightscreen
starmie,liquidation
starmie,meteorbeam
starmie,minimize
starmie,powergem
starmie,protect
starmie,psychic
starmie,psychocut
starmie,psyshock
starmie,raindance
starmie,rapidspin
starmie,recover
starmie,reflect
starmie,rest
starmie,round
starmie,safeguard
starmie,scald
starmie,selfdestruct
starmie,skillswap
starmie,sleeptalk
starmie,snore
starmie,substitute
starmie,surf
starmie,thunder
starmie,thunderbolt
starmie,thunderwave
starmie,triattack
starmie,trick
starmie,trickroom
starmie,waterfall
starmie,waterpulse
starmie,whirlpool
starmie,wonderroom
starmie,zenheadbutt
pinsir,aerialace
pinsir,attract
pinsir,bind
pinsir,bodyslam
pinsir,brickbreak
pinsir,brutalswing
pinsir,bugbite
pinsir,bulkup
pinsir,bulldoze
pinsir,circlethrow
pinsir,closecombat
pinsir,detect
pinsir,dig
pinsir,doublehit
pinsir,earthquake
pinsir,endure
pinsir,facade
pinsir,feint
pinsir,flail
pinsir,fling
pinsir,focusblast
pinsir,focusenergy
pinsir,gigaimpact
pinsir,guillotine
pinsir,hardpress
pinsir,helpinghand
pinsir,highhorsepower
pinsir,hyperbeam
pinsir,irondefense
pinsir,lunge
pinsir,pounce
pinsir,protect
pinsir,quickattack
pinsir,raindance
pinsir,rest
pinsir,reversal
pinsir,rockslide
pinsir,rocktomb
pinsir,round
pinsir,seismictoss
pinsir,slash
pinsir,sleeptalk
pinsir,snore
pinsir,stealthrock
pinsir,stoneedge
pinsir,stormthrow
pinsir,substitute
pinsir,sunnyday
pinsir,superpower
pinsir,swordsdance
pinsir,thief
pinsir,thrash
pinsir,throatchop
pinsir,xscissor
tauros,assurance
tauros,blizzard
tauros,bodyslam
tauros,bulldoze
tauros,closecombat
tauros,curse
tauros,dig
tauros,doubleedge
tauros,earthquake
tauros,endeavor
tauros,endure
tauros,facade
tauros,fireblast
tauros,flamethrower
tauros,gigaimpact
tauros,helpinghand
tauros,highhorsepower
tauros,hyperbeam
tauros,icebeam
tauros,icywind
tauros,ironhead
tauros,irontail
tauros,lashout
tauros,megahorn
tauros,outrage
tauros,payback
tauros,protect
tauros,ragingbull
tauros,raindance
tauros,rest
tauros,reversal
tauros,rockslide
tauros,rocktomb
tauros,round
tauros,sandstorm
tauros,scaryface
tauros,shadowball
tauros,sleeptalk
tauros,smartstrike
tauros,snore
tauros,solarbeam
tauros,stompingtantrum
tauros,stoneedge
tauros,substitute
tauros,sunnyday
tauros,surf
tauros,swagger
tauros,thief
tauros,thrash
tauros,throatchop
tauros,thunder
tauros,thunderbolt
tauros,trailblaze
tauros,uproar
tauros,whirlpool
tauros,wildcharge
tauros,zenheadbutt
taurospaldeacombat,assurance
taurospaldeacombat,bodypress
taurospaldeacombat,bodyslam
taurospaldeacombat,bulkup
taurospaldeacombat,bulldoze
taurospaldeacombat,closecombat
taurospaldeacombat,curse
taurospaldeacombat,dig
taurospaldeacombat,doubleedge
taurospaldeacombat,drillrun
taurospaldeacombat,earthquake
taurospaldeacombat,endeavor
taurospaldeacombat,endure
taurospaldeacombat,facade
taurospaldeacombat,gigaimpact
taurospaldeacombat,highhorsepower
taurospaldeacombat,hyperbeam
taurospaldeacombat,ironhead
taurospaldeacombat,irontail
taurospaldeacombat,lashout
taurospaldeacombat,megahorn
taurospaldeacombat,outrage
taurospaldeacombat,protect
taurospaldeacombat,ragingbull
taurospaldeacombat,raindance
taurospaldeacombat,rest
taurospaldeacombat,reversal
taurospaldeacombat,rockslide
taurospaldeacombat,rocktomb
taurospaldeacombat,round
taurospaldeacombat,sandstorm
taurospaldeacombat,scaryface
taurospaldeacombat,sleeptalk
taurospaldeacombat,smartstrike
taurospaldeacombat,snore
taurospaldeacombat,stompingtantrum
taurospaldeacombat,stoneedge
taurospaldeacombat,substitute
taurospaldeacombat,sunnyday
taurospaldeacombat,surf
taurospaldeacombat,swagger
taurospaldeacombat,thief
taurospaldeacombat,thrash
taurospaldeacombat,throatchop
taurospaldeacombat,trailblaze
taurospaldeacombat,uproar
taurospaldeacombat,wildcharge
taurospaldeacombat,zenheadbutt
taurospaldeablaze,bodypress
taurospaldeablaze,bodyslam
taurospaldeablaze,bulkup
taurospaldeablaze,bulldoze
taurospaldeablaze,closecombat
taurospaldeablaze,curse
taurospaldeablaze,dig
taurospaldeablaze,doubleedge
taurospaldeablaze,drillrun
taurospaldeablaze,earthquake
taurospaldeablaze,endeavor
taurospaldeablaze,endure
taurospaldeablaze,facade
taurospaldeablaze,fireblast
taurospaldeablaze,firespin
taurospaldeablaze,flamecharge
taurospaldeablaze,flamethrower
taurospaldeablaze,flareblitz
taurospaldeablaze,gigaimpact
taurospaldeablaze,highhorsepower
taurospaldeablaze,hyperbeam
taurospaldeablaze,ironhead
taurospaldeablaze,irontail
taurospaldeablaze,lashout
taurospaldeablaze,megahorn
taurospaldeablaze,outrage
taurospaldeablaze,overheat
taurospaldeablaze,protect
taurospaldeablaze,ragingbull
taurospaldeablaze,raindance
taurospaldeablaze,rest
taurospaldeablaze,reversal
taurospaldeablaze,rockslide
taurospaldeablaze,rocktomb
taurospaldeablaze,round
taurospaldeablaze,sandstorm
taurospaldeablaze,scaryface
taurospaldeablaze,sleeptalk
taurospaldeablaze,smartstrike
taurospaldeablaze,snore
taurospaldeablaze,stompingtantrum
taurospaldeablaze,stoneedge
taurospaldeablaze,substitute
taurospaldeablaze,sunnyday
taurospaldeablaze,swagger
taurospaldeablaze,temperflare
taurospaldeablaze,thief
taurospaldeablaze,thrash
taurospaldeablaze,trailblaze
taurospaldeablaze,uproar
taurospaldeablaze,wildcharge
taurospaldeablaze,willowisp
taurospaldeablaze,zenheadbutt
taurospaldeaaqua,aquajet
taurospaldeaaqua,bodypress
taurospaldeaaqua,bodyslam
taurospaldeaaqua,bulkup
taurospaldeaaqua,bulldoze
taurospaldeaaqua,chillingwater
taurospaldeaaqua,closecombat
taurospaldeaaqua,curse
taurospaldeaaqua,dig
taurospaldeaaqua,doubleedge
taurospaldeaaqua,drillrun
taurospaldeaaqua,earthquake
taurospaldeaaqua,endeavor
taurospaldeaaqua,endure
taurospaldeaaqua,facade
taurospaldeaaqua,gigaimpact
taurospaldeaaqua,highhorsepower
taurospaldeaaqua,hydropump
taurospaldeaaqua,hyperbeam
taurospaldeaaqua,ironhead
taurospaldeaaqua,irontail
taurospaldeaaqua,lashout
taurospaldeaaqua,liquidation
taurospaldeaaqua,megahorn
taurospaldeaaqua,outrage
taurospaldeaaqua,protect
taurospaldeaaqua,ragingbull
taurospaldeaaqua,raindance
taurospaldeaaqua,rest
taurospaldeaaqua,reversal
taurospaldeaaqua,rockslide
taurospaldeaaqua,rocktomb
taurospaldeaaqua,round
taurospaldeaaqua,sandstorm
taurospaldeaaqua,scaryface
taurospaldeaaqua,sleeptalk
taurospaldeaaqua,smartstrike
taurospaldeaaqua,snore
taurospaldeaaqua,stompingtantrum
taurospaldeaaqua,stoneedge
taurospaldeaaqua,substitute
taurospaldeaaqua,surf
taurospaldeaaqua,swagger
taurospaldeaaqua,thief
taurospaldeaaqua,thrash
taurospaldeaaqua,trailblaze
taurospaldeaaqua,uproar
taurospaldeaaqua,waterpulse
taurospaldeaaqua,wavecrash
taurospaldeaaqua,whirlpool
taurospaldeaaqua,wildcharge
taurospaldeaaqua,zenheadbutt
gyarados,aquatail
gyarados,avalanche
gyarados,bite
gyarados,blizzard
gyarados,bodyslam
gyarados,bounce
gyarados,brutalswing
gyarados,bulldoze
gyarados,chillingwater
gyarados,crunch
gyarados,darkpulse
gyarados,dive
gyarados,doubleedge
gyarados,dragoncheer
gyarados,dragondance
gyarados,dragonpulse
gyarados,dragonrush
gyarados,dragontail
gyarados,earthquake
gyarados,endeavor
gyarados,endure
gyarados,facade
gyarados,fireblast
gyarados,flail
gyarados,flamethrower
gyarados,gigaimpact
gyarados,helpinghand
gyarados,hurricane
gyarados,hydropump
gyarados,hyperbeam
gyarados,icebeam
gyarados,icefang
gyarados,icywind
gyarados,ironhead
gyarados,irontail
gyarados,lashout
gyarados,muddywater
gyarados,outrage
gyarados,payback
gyarados,powerwhip
gyarados,protect
gyarados,raindance
gyarados,rest
gyarados,roar
gyarados,round
gyarados,sandstorm
gyarados,scald
gyarados,scaleshot
gyarados,scaryface
gyarados,sleeptalk
gyarados,snore
gyarados,spite
gyarados,stoneedge
gyarados,substitute
gyarados,sunnyday
gyarados,surf
gyarados,swagger
gyarados,taunt
gyarados,temperflare
gyarados,thrash
gyarados,thunder
gyarados,thunderbolt
gyarados,thunderwave
gyarados,uproar
gyarados,waterfall
gyarados,waterpulse
gyarados,whirlpool
ditto,transform
vaporeon,acidarmor
vaporeon,alluringvoice
vaporeon,aquaring
vaporeon,babydolleyes
vaporeon,batonpass
vaporeon,bite
vaporeon,blizzard
vaporeon,bodyslam
vaporeon,calmmind
vaporeon,charm
vaporeon,chillingwater
vaporeon,copycat
vaporeon,covet
vaporeon,curse
vaporeon,detect
vaporeon,dig
vaporeon,dive
vaporeon,doubleedge
vaporeon,endure
vaporeon,facade
vaporeon,faketears
vaporeon,flail
vaporeon,flipturn
vaporeon,focusenergy
vaporeon,gigaimpact
vaporeon,haze
vaporeon,helpinghand
vaporeon,hydropump
vaporeon,hyperbeam
vaporeon,hypervoice
vaporeon,icebeam
vaporeon,icywind
vaporeon,irontail
vaporeon,lastresort
vaporeon,liquidation
vaporeon,muddywater
vaporeon,mudslap
vaporeon,protect
vaporeon,quickattack
vaporeon,raindance
vaporeon,rest
vaporeon,roar
vaporeon,round
vaporeon,scald
vaporeon,shadowball
vaporeon,sleeptalk
vaporeon,snore
vaporeon,storedpower
vaporeon,substitute
vaporeon,sunnyday
vaporeon,surf
vaporeon,tickle
vaporeon,trailblaze
vaporeon,waterfall
vaporeon,waterpulse
vaporeon,weatherball
vaporeon,whirlpool
vaporeon,wish
vaporeon,yawn
jolteon,agility
jolteon,alluringvoice
jolteon,babydolleyes
jolteon,batonpass
jolteon,bite
jolteon,bodyslam
jolteon,calmmind
jolteon,charge
jolteon,chargebeam
jolteon,charm
jolteon,copycat
jolteon,covet
jolteon,curse
jolteon,detect
jolteon,dig
jolteon,discharge
jolteon,doubleedge
jolteon,eerieimpulse
jolteon,electricterrain
jolteon,electroball
jolteon,electroweb
jolteon,endure
jolteon,facade
jolteon,faketears
jolteon,flail
jolteon,focusenergy
jolteon,gigaimpact
jolteon,helpinghand
jolteon,hyperbeam
jolteon,hypervoice
jolteon,lastresort
jolteon,lightscreen
jolteon,metalsound
jolteon,mudslap
jolteon,pinmissile
jolteon,protect
jolteon,quickattack
jolteon,raindance
jolteon,rest
jolteon,risingvoltage
jolteon,roar
jolteon,round
jolteon,shadowball
jolteon,sleeptalk
jolteon,snore
jolteon,storedpower
jolteon,substitute
jolteon,sunnyday
jolteon,thunder
jolteon,thunderbolt
jolteon,thunderfang
jolteon,thunderwave
jolteon,tickle
jolteon,trailblaze
jolteon,voltswitch
jolteon,weatherball
jolteon,wildcharge
jolteon,wish
jolteon,yawn
flareon,alluringvoice
flareon,babydolleyes
flareon,batonpass
flareon,bite
flareon,bodyslam
flareon,burningjealousy
flareon,calmmind
flareon,charm
flareon,copycat
flareon,covet
flareon,curse
flareon,detect
flareon,dig
flareon,doubleedge
flareon,endeavor
flareon,endure
flareon,facade
flareon,faketears
flareon,fireblast
flareon,firefang
flareon,firespin
flareon,flail
flareon,flamecharge
flareon,flamethrower
flareon,flareblitz
flareon,focusenergy
flareon,gigaimpact
flareon,heatwave
flareon,helpinghand
flareon,hyperbeam
flareon,hypervoice
flareon,lastresort
flareon,lavaplume
flareon,mudslap
flareon,overheat
flareon,protect
flareon,quickattack
flareon,raindance
flareon,rest
flareon,roar
flareon,round
flareon,scaryface
flareon,scorchingsands
flareon,shadowball
flareon,sleeptalk
flareon,snore
flareon,storedpower
flareon,substitute
flareon,sunnyday
flareon,superpower
flareon,temperflare
flareon,tickle
flareon,trailblaze
flareon,weatherball
flareon,willowisp
flareon,wish
flareon,yawn
aerodactyl,aerialace
aerodactyl,agility
aerodactyl,ancientpower
aerodactyl,assurance
aerodactyl,attract
aerodactyl,bite
aerodactyl,brutalswing
aerodactyl,bulldoze
aerodactyl,crunch
aerodactyl,curse
aerodactyl,dragonclaw
aerodactyl,dragondance
aerodactyl,dragonpulse
aerodactyl,dualwingbeat
aerodactyl,earthpower
aerodactyl,earthquake
aerodactyl,endure
aerodactyl,facade
aerodactyl,fireblast
aerodactyl,firefang
aerodactyl,flamethrower
aerodactyl,fly
aerodactyl,gigaimpact
aerodactyl,heatwave
aerodactyl,hurricane
aerodactyl,hyperbeam
aerodactyl,icefang
aerodactyl,ironhead
aerodactyl,irontail
aerodactyl,meteorbeam
aerodactyl,payback
aerodactyl,protect
aerodactyl,psychicfangs
aerodactyl,raindance
aerodactyl,rest
aerodactyl,roar
aerodactyl,rockblast
aerodactyl,rockslide
aerodactyl,rocktomb
aerodactyl,roost
aerodactyl,round
aerodactyl,sandstorm
aerodactyl,scaryface
aerodactyl,skyattack
aerodactyl,sleeptalk
aerodactyl,snore
aerodactyl,stealthrock
aerodactyl,steelwing
aerodactyl,stoneedge
aerodactyl,substitute
aerodactyl,sunnyday
aerodactyl,swagger
aerodactyl,tailwind
aerodactyl,taunt
aerodactyl,thief
aerodactyl,thunderfang
aerodactyl,whirlwind
aerodactyl,wideguard
snorlax,amnesia
snorlax,attract
snorlax,belch
snorlax,bellydrum
snorlax,bite
snorlax,blizzard
snorlax,block
snorlax,bodypress
snorlax,bodyslam
snorlax,brickbreak
snorlax,bulldoze
snorlax,charm
snorlax,chillingwater
snorlax,counter
snorlax,covet
snorlax,crunch
snorlax,curse
snorlax,dig
snorlax,doubleedge
snorlax,earthquake
snorlax,encore
snorlax,endure
snorlax,facade
snorlax,fireblast
snorlax,firepunch
snorlax,fissure
snorlax,flail
snorlax,flamethrower
snorlax,fling
snorlax,focusblast
snorlax,focuspunch
snorlax,gastroacid
snorlax,gigaimpact
snorlax,gunkshot
snorlax,hammerarm
snorlax,hardpress
snorlax,heatcrash
snorlax,heavyslam
snorlax,helpinghand
snorlax,highhorsepower
snorlax,hydropump
snorlax,hyperbeam
snorlax,hypervoice
snorlax,icebeam
snorlax,icepunch
snorlax,icywind
snorlax,ironhead
snorlax,lastresort
snorlax,mudslap
snorlax,outrage
snorlax,protect
snorlax,raindance
snorlax,recycle
snorlax,rest
snorlax,rockslide
snorlax,rocktomb
snorlax,round
snorlax,sandstorm
snorlax,screech
snorlax,seedbomb
snorlax,selfdestruct
snorlax,shadowball
snorlax,sleeptalk
snorlax,smackdown
snorlax,snore
snorlax,solarbeam
snorlax,stockpile
snorlax,stompingtantrum
snorlax,substitute
snorlax,sunnyday
snorlax,supercellslam
snorlax,superpower
snorlax,surf
snorlax,swallow
snorlax,terrainpulse
snorlax,thunder
snorlax,thunderbolt
snorlax,thunderpunch
snorlax,trailblaze
snorlax,uproar
snorlax,wildcharge
snorlax,yawn
snorlax,zenheadbutt
dragonite,aerialace
dragonite,agility
dragonite,aircutter
dragonite,airslash
dragonite,aquajet
dragonite,aquatail
dragonite,blizzard
dragonite,bodypress
dragonite,bodyslam
dragonite,breakingswipe
dragonite,brickbreak
dragonite,brutalswing
dragonite,bulldoze
dragonite,chillingwater
dragonite,dive
dragonite,dracometeor
dragonite,dragoncheer
dragonite,dragonclaw
dragonite,dragondance
dragonite,dragonpulse
dragonite,dragonrush
dragonite,dragontail
dragonite,earthquake
dragonite,endure
dragonite,extremespeed
dragonite,facade
dragonite,fireblast
dragonite,firepunch
dragonite,firespin
dragonite,flamethrower
dragonite,fling
dragonite,fly
dragonite,focusblast
dragonite,focuspunch
dragonite,gigaimpact
dragonite,haze
dragonite,heatwave
dragonite,helpinghand
dragonite,hurricane
dragonite,hydropump
dragonite,hyperbeam
dragonite,icebeam
dragonite,icepunch
dragonite,icespinner
dragonite,icywind
dragonite,ironhead
dragonite,irontail
dragonite,lightscreen
dragonite,lowkick
dragonite,megakick
dragonite,outrage
dragonite,protect
dragonite,raindance
dragonite,rest
dragonite,roar
dragonite,rockslide
dragonite,rocktomb
dragonite,roost
dragonite,round
dragonite,safeguard
dragonite,sandstorm
dragonite,scaleshot
dragonite,scaryface
dragonite,sleeptalk
dragonite,snore
dragonite,snowscape
dragonite,steelwing
dragonite,stompingtantrum
dragonite,stoneedge
dragonite,substitute
dragonite,sunnyday
dragonite,superpower
dragonite,surf
dragonite,tailwind
dragonite,thunder
dragonite,thunderbolt
dragonite,thunderpunch
dragonite,thunderwave
dragonite,waterfall
dragonite,waterpulse
dragonite,weatherball
dragonite,whirlwind
dragonite,wrap
meganium,ancientpower
meganium,bodypress
meganium,bodyslam
meganium,bulldoze
meganium,bulletseed
meganium,charm
meganium,counter
meganium,curse
meganium,dazzlinggleam
meganium,doubleedge
meganium,dragontail
meganium,earthpower
meganium,earthquake
meganium,encore
meganium,endeavor
meganium,endure
meganium,energyball
meganium,facade
meganium,faketears
meganium,flail
meganium,frenzyplant
meganium,gigadrain
meganium,gigaimpact
meganium,grassknot
meganium,grassyglide
meganium,grassyterrain
meganium,healpulse
meganium,helpinghand
meganium,hyperbeam
meganium,ingrain
meganium,irontail
meganium,knockoff
meganium,leafblade
meganium,leafstorm
meganium,leechseed
meganium,lightscreen
meganium,mudslap
meganium,outrage
meganium,petalblizzard
meganium,petaldance
meganium,poisonpowder
meganium,pollenpuff
meganium,protect
meganium,reflect
meganium,rest
meganium,round
meganium,safeguard
meganium,seedbomb
meganium,sleeptalk
meganium,snore
meganium,solarbeam
meganium,solarblade
meganium,stompingtantrum
meganium,substitute
meganium,sunnyday
meganium,sweetscent
meganium,swordsdance
meganium,synthesis
meganium,trailblaze
meganium,weatherball
meganium,zenheadbutt
typhlosion,aerialace
typhlosion,blastburn
typhlosion,bodyslam
typhlosion,brickbreak
typhlosion,bulldoze
typhlosion,burningjealousy
typhlosion,burnup
typhlosion,covet
typhlosion,curse
typhlosion,dig
typhlosion,doubleedge
typhlosion,earthquake
typhlosion,endeavor
typhlosion,endure
typhlosion,eruption
typhlosion,extrasensory
typhlosion,facade
typhlosion,fireblast
typhlosion,firefang
typhlosion,firepunch
typhlosion,firespin
typhlosion,flamecharge
typhlosion,flamethrower
typhlosion,flareblitz
typhlosion,fling
typhlosion,focusblast
typhlosion,focuspunch
typhlosion,gigaimpact
typhlosion,gyroball
typhlosion,heatwave
typhlosion,helpinghand
typhlosion,howl
typhlosion,hyperbeam
typhlosion,inferno
typhlosion,ironhead
typhlosion,lavaplume
typhlosion,lowkick
typhlosion,megakick
typhlosion,overheat
typhlosion,playrough
typhlosion,protect
typhlosion,quickattack
typhlosion,rest
typhlosion,reversal
typhlosion,roar
typhlosion,rockslide
typhlosion,rocktomb
typhlosion,round
typhlosion,scorchingsands
typhlosion,shadowball
typhlosion,shadowclaw
typhlosion,sleeptalk
typhlosion,snore
typhlosion,solarbeam
typhlosion,stompingtantrum
typhlosion,substitute
typhlosion,sunnyday
typhlosion,temperflare
typhlosion,throatchop
typhlosion,thunderpunch
typhlosion,wildcharge
typhlosion,willowisp
typhlosion,zenheadbutt
typhlosionhisui,aerialace
typhlosionhisui,blastburn
typhlosionhisui,bodyslam
typhlosionhisui,brickbreak
typhlosionhisui,bulldoze
typhlosionhisui,burningjealousy
typhlosionhisui,burnup
typhlosionhisui,calmmind
typhlosionhisui,confuseray
typhlosionhisui,covet
typhlosionhisui,curse
typhlosionhisui,dig
typhlosionhisui,doubleedge
typhlosionhisui,earthquake
typhlosionhisui,endeavor
typhlosionhisui,endure
typhlosionhisui,eruption
typhlosionhisui,extrasensory
typhlosionhisui,facade
typhlosionhisui,fireblast
typhlosionhisui,firefang
typhlosionhisui,firepunch
typhlosionhisui,firespin
typhlosionhisui,flamecharge
typhlosionhisui,flamethrower
typhlosionhisui,flareblitz
typhlosionhisui,focusblast
typhlosionhisui,focuspunch
typhlosionhisui,gigaimpact
typhlosionhisui,gyroball
typhlosionhisui,heatwave
typhlosionhisui,hex
typhlosionhisui,howl
typhlosionhisui,hyperbeam
typhlosionhisui,infernalparade
typhlosionhisui,inferno
typhlosionhisui,ironhead
typhlosionhisui,lavaplume
typhlosionhisui,lowkick
typhlosionhisui,megakick
typhlosionhisui,mysticalfire
typhlosionhisui,nightshade
typhlosionhisui,overheat
typhlosionhisui,playrough
typhlosionhisui,poltergeist
typhlosionhisui,protect
typhlosionhisui,quickattack
typhlosionhisui,rest
typhlosionhisui,reversal
typhlosionhisui,roar
typhlosionhisui,rockslide
typhlosionhisui,round
typhlosionhisui,shadowball
typhlosionhisui,shadowclaw
typhlosionhisui,sleeptalk
typhlosionhisui,snore
typhlosionhisui,solarbeam
typhlosionhisui,spite
typhlosionhisui,stompingtantrum
typhlosionhisui,substitute
typhlosionhisui,sunnyday
typhlosionhisui,temperflare
typhlosionhisui,thunderpunch
typhlosionhisui,wildcharge
typhlosionhisui,willowisp
typhlosionhisui,zenheadbutt
feraligatr,aerialace
feraligatr,agility
feraligatr,ancientpower
feraligatr,aquajet
feraligatr,aquatail
feraligatr,avalanche
feraligatr,bite
feraligatr,blizzard
feraligatr,block
feraligatr,bodyslam
feraligatr,breakingswipe
feraligatr,brickbreak
feraligatr,brutalswing
feraligatr,bulldoze
feraligatr,chillingwater
feraligatr,counter
feraligatr,crunch
feraligatr,curse
feraligatr,dig
feraligatr,dive
feraligatr,doubleedge
feraligatr,dragonclaw
feraligatr,dragondance
feraligatr,dragonpulse
feraligatr,dragontail
feraligatr,earthquake
feraligatr,endeavor
feraligatr,endure
feraligatr,facade
feraligatr,faketears
feraligatr,flail
feraligatr,flatter
feraligatr,fling
feraligatr,flipturn
feraligatr,focusblast
feraligatr,focuspunch
feraligatr,gigaimpact
feraligatr,helpinghand
feraligatr,hydrocannon
feraligatr,hydropump
feraligatr,hyperbeam
feraligatr,icebeam
feraligatr,icefang
feraligatr,icepunch
feraligatr,icywind
feraligatr,irontail
feraligatr,lashout
feraligatr,liquidation
feraligatr,lowkick
feraligatr,megakick
feraligatr,muddywater
feraligatr,mudshot
feraligatr,mudslap
feraligatr,outrage
feraligatr,protect
feraligatr,psychicfangs
feraligatr,raindance
feraligatr,rest
feraligatr,roar
feraligatr,rockslide
feraligatr,rocktomb
feraligatr,round
feraligatr,scaleshot
feraligatr,scaryface
feraligatr,screech
feraligatr,shadowclaw
feraligatr,slash
feraligatr,sleeptalk
feraligatr,snarl
feraligatr,snore
feraligatr,spite
feraligatr,stompingtantrum
feraligatr,substitute
feraligatr,superpower
feraligatr,surf
feraligatr,swordsdance
feraligatr,thief
feraligatr,thrash
feraligatr,trailblaze
feraligatr,uproar
feraligatr,waterfall
feraligatr,waterpulse
feraligatr,whirlpool
ariados,acidspray
ariados,agility
ariados,assurance
ariados,batonpass
ariados,bodyslam
ariados,bounce
ariados,bugbite
ariados,bugbuzz
ariados,crosspoison
ariados,dig
ariados,disable
ariados,electroweb
ariados,endure
ariados,facade
ariados,fellstinger
ariados,firstimpression
ariados,focusenergy
ariados,foulplay
ariados,gigadrain
ariados,gigaimpact
ariados,hex
ariados,hyperbeam
ariados,infestation
ariados,knockoff
ariados,leechlife
ariados,lunge
ariados,megahorn
ariados,nightshade
ariados,nightslash
ariados,pinmissile
ariados,poisonjab
ariados,pounce
ariados,protect
ariados,psychic
ariados,ragepowder
ariados,rest
ariados,round
ariados,scaryface
ariados,screech
ariados,shadowsneak
ariados,skittersmack
ariados,sleeptalk
ariados,sludgebomb
ariados,sludgewave
ariados,smartstrike
ariados,snore
ariados,solarbeam
ariados,spite
ariados,stickyweb
ariados,stompingtantrum
ariados,stringshot
ariados,strugglebug
ariados,substitute
ariados,suckerpunch
ariados,sunnyday
ariados,swordsdance
ariados,thief
ariados,throatchop
ariados,toxic
ariados,toxicspikes
ariados,toxicthread
ariados,trailblaze
ariados,venoshock
ariados,xscissor
ampharos,afteryou
ampharos,agility
ampharos,bodyslam
ampharos,breakingswipe
ampharos,brickbreak
ampharos,brutalswing
ampharos,bulldoze
ampharos,charge
ampharos,chargebeam
ampharos,confuseray
ampharos,cottonguard
ampharos,cottonspore
ampharos,dazzlinggleam
ampharos,dig
ampharos,discharge
ampharos,doubleedge
ampharos,dragoncheer
ampharos,dragonpulse
ampharos,dragontail
ampharos,eerieimpulse
ampharos,electricterrain
ampharos,electroball
ampharos,electroweb
ampharos,endeavor
ampharos,endure
ampharos,facade
ampharos,firepunch
ampharos,flatter
ampharos,fling
ampharos,focusblast
ampharos,focuspunch
ampharos,gigaimpact
ampharos,helpinghand
ampharos,hyperbeam
ampharos,icepunch
ampharos,irontail
ampharos,lightscreen
ampharos,lowkick
ampharos,magneticflux
ampharos,megakick
ampharos,meteorbeam
ampharos,outrage
ampharos,paraboliccharge
ampharos,powergem
ampharos,protect
ampharos,raindance
ampharos,reflect
ampharos,rest
ampharos,risingvoltage
ampharos,roar
ampharos,round
ampharos,safeguard
ampharos,screech
ampharos,sleeptalk
ampharos,snore
ampharos,stompingtantrum
ampharos,substitute
ampharos,sunnyday
ampharos,supercellslam
ampharos,thunder
ampharos,thunderbolt
ampharos,thunderpunch
ampharos,thunderwave
ampharos,trailblaze
ampharos,voltswitch
ampharos,wildcharge
ampharos,zapcannon
azumarill,alluringvoice
azumarill,amnesia
azumarill,aquajet
azumarill,aquaring
azumarill,aquatail
azumarill,bellydrum
azumarill,blizzard
azumarill,bodyslam
azumarill,bounce
azumarill,brickbreak
azumarill,brutalswing
azumarill,bulldoze
azumarill,charm
azumarill,chillingwater
azumarill,copycat
azumarill,dig
azumarill,dive
azumarill,doubleedge
azumarill,drainingkiss
azumarill,encore
azumarill,endure
azumarill,facade
azumarill,faketears
azumarill,fling
azumarill,focusblast
azumarill,focuspunch
azumarill,futuresight
azumarill,gigaimpact
azumarill,grassknot
azumarill,helpinghand
azumarill,hydropump
azumarill,hyperbeam
azumarill,hypervoice
azumarill,icebeam
azumarill,icepunch
azumarill,icespinner
azumarill,icywind
azumarill,irontail
azumarill,knockoff
azumarill,lightscreen
azumarill,liquidation
azumarill,mistyexplosion
azumarill,mistyterrain
azumarill,muddywater
azumarill,mudshot
azumarill,mudslap
azumarill,perishsong
azumarill,playrough
azumarill,protect
azumarill,raindance
azumarill,rest
azumarill,round
azumarill,sing
azumarill,sleeptalk
azumarill,snore
azumarill,snowscape
azumarill,soak
azumarill,substitute
azumarill,superpower
azumarill,surf
azumarill,tickle
azumarill,trailblaze
azumarill,uproar
azumarill,waterfall
azumarill,waterpulse
azumarill,whirlpool
politoed,amnesia
politoed,attract
politoed,bellydrum
politoed,blizzard
politoed,bodyslam
politoed,bounce
politoed,brickbreak
politoed,bulldoze
politoed,chillingwater
politoed,dig
politoed,dive
politoed,doubleedge
politoed,earthpower
politoed,earthquake
politoed,encore
politoed,endeavor
politoed,endure
politoed,facade
politoed,fling
politoed,focusblast
politoed,focuspunch
politoed,gigaimpact
politoed,haze
politoed,helpinghand
politoed,hydropump
politoed,hyperbeam
politoed,hypervoice
politoed,hypnosis
politoed,icebeam
politoed,icepunch
politoed,icywind
politoed,liquidation
politoed,lowkick
politoed,lowsweep
politoed,muddywater
politoed,mudshot
politoed,mudslap
politoed,perishsong
politoed,protect
politoed,psychic
politoed,psychup
politoed,raindance
politoed,rest
politoed,round
politoed,screech
politoed,sleeptalk
politoed,snore
politoed,substitute
politoed,surf
politoed,swagger
politoed,thief
politoed,uproar
politoed,waterfall
politoed,waterpulse
politoed,weatherball
politoed,whirlpool
espeon,alluringvoice
espeon,babydolleyes
espeon,batonpass
espeon,bite
espeon,bodyslam
espeon,calmmind
espeon,charm
espeon,confuseray
espeon,copycat
espeon,covet
espeon,curse
espeon,dazzlinggleam
espeon,detect
espeon,dig
espeon,doubleedge
espeon,drainingkiss
espeon,endure
espeon,expandingforce
espeon,facade
espeon,faketears
espeon,flail
espeon,focusenergy
espeon,futuresight
espeon,gigaimpact
espeon,grassknot
espeon,gravity
espeon,helpinghand
espeon,hyperbeam
espeon,hypervoice
espeon,imprison
espeon,lastresort
espeon,lightscreen
espeon,magicroom
espeon,morningsun
espeon,mudslap
espeon,powergem
espeon,powerswap
espeon,protect
espeon,psychic
espeon,psychicfangs
espeon,psychicnoise
espeon,psychicterrain
espeon,psychup
espeon,psyshock
espeon,quickattack
espeon,raindance
espeon,reflect
espeon,rest
espeon,roar
espeon,round
espeon,safeguard
espeon,shadowball
espeon,skillswap
espeon,sleeptalk
espeon,snore
espeon,storedpower
espeon,substitute
espeon,sunnyday
espeon,thunderwave
espeon,tickle
espeon,trailblaze
espeon,trick
espeon,trickroom
espeon,weatherball
espeon,wish
espeon,yawn
espeon,zenheadbutt
umbreon,alluringvoice
umbreon,assurance
umbreon,babydolleyes
umbreon,batonpass
umbreon,bite
umbreon,bodyslam
umbreon,calmmind
umbreon,charm
umbreon,confuseray
umbreon,copycat
umbreon,covet
umbreon,crunch
umbreon,curse
umbreon,darkpulse
umbreon,detect
umbreon,dig
umbreon,doubleedge
umbreon,endure
umbreon,facade
umbreon,faketears
umbreon,flail
umbreon,focusenergy
umbreon,foulplay
umbreon,gigaimpact
umbreon,guardswap
umbreon,helpinghand
umbreon,hyperbeam
umbreon,hypervoice
umbreon,lashout
umbreon,lastresort
umbreon,lightscreen
umbreon,meanlook
umbreon,moonlight
umbreon,mudslap
umbreon,payback
umbreon,protect
umbreon,psychic
umbreon,psychup
umbreon,quickattack
umbreon,raindance
umbreon,reflect
umbreon,rest
umbreon,roar
umbreon,round
umbreon,scaryface
umbreon,screech
umbreon,shadowball
umbreon,skillswap
umbreon,sleeptalk
umbreon,snarl
umbreon,snore
umbreon,spite
umbreon,storedpower
umbreon,substitute
umbreon,sunnyday
umbreon,swagger
umbreon,taunt
umbreon,thief
umbreon,throatchop
umbreon,thunderwave
umbreon,tickle
umbreon,torment
umbreon,toxic
umbreon,trailblaze
umbreon,weatherball
umbreon,wish
umbreon,yawn
slowking,amnesia
slowking,avalanche
slowking,belch
slowking,bellydrum
slowking,blizzard
slowking,block
slowking,bodyslam
slowking,brickbreak
slowking,bulldoze
slowking,calmmind
slowking,chillingwater
slowking,chillyreception
slowking,curse
slowking,dig
slowking,disable
slowking,dive
slowking,drainpunch
slowking,earthquake
slowking,endure
slowking,expandingforce
slowking,facade
slowking,fireblast
slowking,firepunch
slowking,flamethrower
slowking,fling
slowking,focusblast
slowking,focuspunch
slowking,foulplay
slowking,futuresight
slowking,gigaimpact
slowking,grassknot
slowking,healpulse
slowking,helpinghand
slowking,hydropump
slowking,hyperbeam
slowking,icebeam
slowking,icepunch
slowking,icywind
slowking,imprison
slowking,irondefense
slowking,irontail
slowking,lightscreen
slowking,liquidation
slowking,muddywater
slowking,mudshot
slowking,nastyplot
slowking,powergem
slowking,protect
slowking,psychic
slowking,psychicnoise
slowking,psychicterrain
slowking,psychup
slowking,psyshock
slowking,raindance
slowking,razorshell
slowking,reflect
slowking,rest
slowking,rockslide
slowking,rocktomb
slowking,round
slowking,safeguard
slowking,scald
slowking,shadowball
slowking,skillswap
slowking,slackoff
slowking,sleeptalk
slowking,snore
slowking,snowscape
slowking,storedpower
slowking,substitute
slowking,sunnyday
slowking,surf
slowking,swagger
slowking,thunderpunch
slowking,thunderwave
slowking,triattack
slowking,trick
slowking,trickroom
slowking,waterfall
slowking,waterpulse
slowking,weatherball
slowking,whirlpool
slowking,wonderroom
slowking,yawn
slowking,zenheadbutt
slowkinggalar,acidspray
slowkinggalar,amnesia
slowkinggalar,avalanche
slowkinggalar,belch
slowkinggalar,bellydrum
slowkinggalar,blizzard
slowkinggalar,block
slowkinggalar,bodyslam
slowkinggalar,brickbreak
slowkinggalar,bulldoze
slowkinggalar,calmmind
slowkinggalar,chillingwater
slowkinggalar,chillyreception
slowkinggalar,curse
slowkinggalar,dig
slowkinggalar,disable
slowkinggalar,dive
slowkinggalar,drainpunch
slowkinggalar,earthquake
slowkinggalar,eeriespell
slowkinggalar,endure
slowkinggalar,expandingforce
slowkinggalar,facade
slowkinggalar,fireblast
slowkinggalar,firepunch
slowkinggalar,flamethrower
slowkinggalar,fling
slowkinggalar,focusblast
slowkinggalar,foulplay
slowkinggalar,futuresight
slowkinggalar,gigaimpact
slowkinggalar,grassknot
slowkinggalar,gunkshot
slowkinggalar,healpulse
slowkinggalar,helpinghand
slowkinggalar,hex
slowkinggalar,hydropump
slowkinggalar,hyperbeam
slowkinggalar,icebeam
slowkinggalar,icepunch
slowkinggalar,icywind
slowkinggalar,imprison
slowkinggalar,irondefense
slowkinggalar,irontail
slowkinggalar,lightscreen
slowkinggalar,liquidation
slowkinggalar,lowsweep
slowkinggalar,muddywater
slowkinggalar,mudshot
slowkinggalar,nastyplot
slowkinggalar,poisonjab
slowkinggalar,powergem
slowkinggalar,protect
slowkinggalar,psychic
slowkinggalar,psychicnoise
slowkinggalar,psychicterrain
slowkinggalar,psychup
slowkinggalar,psyshock
slowkinggalar,raindance
slowkinggalar,razorshell
slowkinggalar,rest
slowkinggalar,round
slowkinggalar,safeguard
slowkinggalar,scaryface
slowkinggalar,shadowball
slowkinggalar,skillswap
slowkinggalar,slackoff
slowkinggalar,sleeptalk
slowkinggalar,sludgebomb
slowkinggalar,sludgewave
slowkinggalar,snarl
slowkinggalar,snore
slowkinggalar,snowscape
slowkinggalar,stompingtantrum
slowkinggalar,storedpower
slowkinggalar,substitute
slowkinggalar,sunnyday
slowkinggalar,surf
slowkinggalar,swagger
slowkinggalar,taunt
slowkinggalar,thunderpunch
slowkinggalar,thunderwave
slowkinggalar,toxic
slowkinggalar,toxicspikes
slowkinggalar,triattack
slowkinggalar,trick
slowkinggalar,trickroom
slowkinggalar,venoshock
slowkinggalar,waterfall
slowkinggalar,waterpulse
slowkinggalar,weatherball
slowkinggalar,whirlpool
slowkinggalar,wonderroom
slowkinggalar,yawn
slowkinggalar,zenheadbutt
forretress,bodypress
forretress,bodyslam
forretress,bugbite
forretress,bugbuzz
forretress,bulldoze
forretress,counter
forretress,curse
forretress,dig
forretress,doubleedge
forretress,drillrun
forretress,earthpower
forretress,earthquake
forretress,endure
forretress,explosion
forretress,facade
forretress,flail
forretress,flashcannon
forretress,gigadrain
forretress,gigaimpact
forretress,gravity
forretress,gyroball
forretress,hardpress
forretress,heavyslam
forretress,helpinghand
forretress,hyperbeam
forretress,icespinner
forretress,irondefense
forretress,ironhead
forretress,lightscreen
forretress,lunge
forretress,magnetrise
forretress,metalsound
forretress,painsplit
forretress,payback
forretress,pinmissile
forretress,poisonjab
forretress,pounce
forretress,powertrick
forretress,protect
forretress,raindance
forretress,rapidspin
forretress,reflect
forretress,rest
forretress,reversal
forretress,rockblast
forretress,rockslide
forretress,rocktomb
forretress,round
forretress,sandstorm
forretress,sandtomb
forretress,seedbomb
forretress,selfdestruct
forretress,sleeptalk
forretress,smartstrike
forretress,snore
forretress,solarbeam
forretress,spikes
forretress,stealthrock
forretress,steelbeam
forretress,steelroller
forretress,stoneedge
forretress,strugglebug
forretress,substitute
forretress,sunnyday
forretress,thunderwave
forretress,toxicspikes
forretress,venoshock
forretress,voltswitch
forretress,zapcannon
steelix,ancientpower
steelix,attract
steelix,bind
steelix,block
steelix,bodypress
steelix,bodyslam
steelix,breakingswipe
steelix,brutalswing
steelix,bulldoze
steelix,crunch
steelix,curse
steelix,darkpulse
steelix,dig
steelix,doubleedge
steelix,dragondance
steelix,dragonpulse
steelix,dragontail
steelix,drillrun
steelix,earthpower
steelix,earthquake
steelix,endure
steelix,facade
steelix,firefang
steelix,fissure
steelix,flail
steelix,flashcannon
steelix,gigaimpact
steelix,gyroball
steelix,headsmash
steelix,heavyslam
steelix,highhorsepower
steelix,hyperbeam
steelix,icefang
steelix,irondefense
steelix,ironhead
steelix,irontail
steelix,magnetrise
steelix,meteorbeam
steelix,payback
steelix,protect
steelix,psychicfangs
steelix,rest
steelix,rockblast
steelix,rockpolish
steelix,rockslide
steelix,rocktomb
steelix,round
steelix,sandstorm
steelix,sandtomb
steelix,scaryface
steelix,scorchingsands
steelix,screech
steelix,selfdestruct
steelix,sleeptalk
steelix,smackdown
steelix,snore
steelix,stealthrock
steelix,steelbeam
steelix,steelroller
steelix,stompingtantrum
steelix,stoneedge
steelix,substitute
steelix,sunnyday
steelix,taunt
steelix,thunderfang
steelix,wideguard
qwilfish,acidspray
qwilfish,acupressure
qwilfish,agility
qwilfish,aquajet
qwilfish,aquatail
qwilfish,assurance
qwilfish,barbbarrage
qwilfish,blizzard
qwilfish,chillingwater
qwilfish,crunch
qwilfish,curse
qwilfish,destinybond
qwilfish,dive
qwilfish,doubleedge
qwilfish,endure
qwilfish,facade
qwilfish,fellstinger
qwilfish,flail
qwilfish,flipturn
qwilfish,gigaimpact
qwilfish,gunkshot
qwilfish,gyroball
qwilfish,haze
qwilfish,hex
qwilfish,hydropump
qwilfish,icebeam
qwilfish,icywind
qwilfish,liquidation
qwilfish,minimize
qwilfish,mudshot
qwilfish,painsplit
qwilfish,payback
qwilfish,pinmissile
qwilfish,poisonjab
qwilfish,protect
qwilfish,raindance
qwilfish,rest
qwilfish,reversal
qwilfish,round
qwilfish,scaleshot
qwilfish,scaryface
qwilfish,selfdestruct
qwilfish,shadowball
qwilfish,sleeptalk
qwilfish,sludgebomb
qwilfish,sludgewave
qwilfish,snore
qwilfish,spikes
qwilfish,spite
qwilfish,spitup
qwilfish,steelroller
qwilfish,stockpile
qwilfish,substitute
qwilfish,surf
qwilfish,swordsdance
qwilfish,taunt
qwilfish,throatchop
qwilfish,thunderwave
qwilfish,toxic
qwilfish,toxicspikes
qwilfish,venoshock
qwilfish,waterfall
qwilfish,waterpulse
qwilfish,whirlpool
scizor,acrobatics
scizor,aerialace
scizor,agility
scizor,aircutter
scizor,airslash
scizor,assurance
scizor,batonpass
scizor,brickbreak
scizor,brutalswing
scizor,bugbite
scizor,bugbuzz
scizor,bulletpunch
scizor,closecombat
scizor,counter
scizor,curse
scizor,defog
scizor,doubleedge
scizor,doublehit
scizor,doubleteam
scizor,dualwingbeat
scizor,endure
scizor,facade
scizor,feint
scizor,flashcannon
scizor,fling
scizor,focusenergy
scizor,gigaimpact
scizor,hardpress
scizor,helpinghand
scizor,hyperbeam
scizor,irondefense
scizor,ironhead
scizor,knockoff
scizor,lightscreen
scizor,lunge
scizor,nightslash
scizor,pounce
scizor,protect
scizor,psychocut
scizor,quickattack
scizor,quickguard
scizor,raindance
scizor,rest
scizor,reversal
scizor,roost
scizor,round
scizor,sandstorm
scizor,scaryface
scizor,skittersmack
scizor,slash
scizor,sleeptalk
scizor,snore
scizor,steelbeam
scizor,steelwing
scizor,strugglebug
scizor,substitute
scizor,sunnyday
scizor,superpower
scizor,swordsdance
scizor,tailwind
scizor,thief
scizor,trailblaze
scizor,uturn
scizor,vacuumwave
scizor,xscissor
heracross,aerialace
heracross,assurance
heracross,bodyslam
heracross,brickbreak
heracross,brutalswing
heracross,bugbite
heracross,bugbuzz
heracross,bulkup
heracross,bulldoze
heracross,bulletseed
heracross,circlethrow
heracross,closecombat
heracross,coaching
heracross,counter
heracross,curse
heracross,detect
heracross,dig
heracross,doubleedge
heracross,earthquake
heracross,endeavor
heracross,endure
heracross,facade
heracross,feint
heracross,flail
heracross,fling
heracross,focusblast
heracross,focuspunch
heracross,gigaimpact
heracross,helpinghand
heracross,highhorsepower
heracross,hyperbeam
heracross,irondefense
heracross,knockoff
heracross,lowkick
heracross,lunge
heracross,megahorn
heracross,nightslash
heracross,pinmissile
heracross,pounce
heracross,protect
heracross,raindance
heracross,rest
heracross,reversal
heracross,rockblast
heracross,rockslide
heracross,rocktomb
heracross,round
heracross,seismictoss
heracross,shadowclaw
heracross,skittersmack
heracross,sleeptalk
heracross,smackdown
heracross,smartstrike
heracross,snore
heracross,spikes
heracross,stoneedge
heracross,strugglebug
heracross,substitute
heracross,sunnyday
heracross,swordsdance
heracross,thief
heracross,thrash
heracross,throatchop
heracross,trailblaze
heracross,upperhand
heracross,vacuumwave
skarmory,aerialace
skarmory,agility
skarmory,aircutter
skarmory,airslash
skarmory,assurance
skarmory,bodypress
skarmory,bravebird
skarmory,curse
skarmory,darkpulse
skarmory,drillpeck
skarmory,drillrun
skarmory,dualwingbeat
skarmory,endure
skarmory,facade
skarmory,feint
skarmory,flashcannon
skarmory,fly
skarmory,gigaimpact
skarmory,hurricane
skarmory,hyperbeam
skarmory,icywind
skarmory,irondefense
skarmory,ironhead
skarmory,metalsound
skarmory,nightslash
skarmory,payback
skarmory,protect
skarmory,rest
skarmory,reversal
skarmory,roar
skarmory,rockslide
skarmory,rocktomb
skarmory,roost
skarmory,round
skarmory,sandstorm
skarmory,sandtomb
skarmory,skyattack
skarmory,slash
skarmory,sleeptalk
skarmory,snore
skarmory,spikes
skarmory,stealthrock
skarmory,steelbeam
skarmory,steelwing
skarmory,substitute
skarmory,sunnyday
skarmory,swordsdance
skarmory,tailwind
skarmory,taunt
skarmory,thief
skarmory,whirlwind
skarmory,xscissor
houndoom,beatup
houndoom,bite
houndoom,bodyslam
houndoom,burningjealousy
houndoom,comeuppance
houndoom,counter
houndoom,crunch
houndoom,darkpulse
houndoom,destinybond
houndoom,doubleedge
houndoom,endeavor
houndoom,endure
houndoom,facade
houndoom,feint
houndoom,fireblast
houndoom,firefang
houndoom,firespin
houndoom,flamecharge
houndoom,flamethrower
houndoom,flareblitz
houndoom,foulplay
houndoom,gigaimpact
houndoom,heatwave
houndoom,helpinghand
houndoom,howl
houndoom,hyperbeam
houndoom,hypervoice
houndoom,inferno
houndoom,irontail
houndoom,lashout
houndoom,mudshot
houndoom,mudslap
houndoom,nastyplot
houndoom,overheat
houndoom,painsplit
houndoom,payback
houndoom,protect
houndoom,psychicfangs
houndoom,raindance
houndoom,rest
houndoom,reversal
houndoom,roar
houndoom,round
houndoom,scaryface
houndoom,scorchingsands
houndoom,shadowball
houndoom,sleeptalk
houndoom,sludgebomb
houndoom,snarl
houndoom,snore
houndoom,solarbeam
houndoom,spite
houndoom,substitute
houndoom,suckerpunch
houndoom,sunnyday
houndoom,superfang
houndoom,swagger
houndoom,taunt
houndoom,temperflare
houndoom,thief
houndoom,throatchop
houndoom,thunderfang
houndoom,torment
houndoom,toxic
houndoom,trailblaze
houndoom,uproar
houndoom,willowisp
tyranitar,aerialace
tyranitar,ancientpower
tyranitar,assurance
tyranitar,avalanche
tyranitar,bite
tyranitar,blizzard
tyranitar,bodypress
tyranitar,bodyslam
tyranitar,breakingswipe
tyranitar,brickbreak
tyranitar,brutalswing
tyranitar,bulldoze
tyranitar,crunch
tyranitar,curse
tyranitar,darkpulse
tyranitar,dig
tyranitar,doubleedge
tyranitar,dragonclaw
tyranitar,dragondance
tyranitar,dragonpulse
tyranitar,dragontail
tyranitar,earthpower
tyranitar,earthquake
tyranitar,endure
tyranitar,facade
tyranitar,fireblast
tyranitar,firefang
tyranitar,firepunch
tyranitar,flamethrower
tyranitar,fling
tyranitar,focusblast
tyranitar,focusenergy
tyranitar,focuspunch
tyranitar,foulplay
tyranitar,gigaimpact
tyranitar,hardpress
tyranitar,heavyslam
tyranitar,helpinghand
tyranitar,highhorsepower
tyranitar,hydropump
tyranitar,hyperbeam
tyranitar,icebeam
tyranitar,icefang
tyranitar,icepunch
tyranitar,icywind
tyranitar,irondefense
tyranitar,ironhead
tyranitar,irontail
tyranitar,knockoff
tyranitar,lashout
tyranitar,lowkick
tyranitar,megakick
tyranitar,muddywater
tyranitar,mudshot
tyranitar,mudslap
tyranitar,outrage
tyranitar,payback
tyranitar,powergem
tyranitar,protect
tyranitar,raindance
tyranitar,rest
tyranitar,roar
tyranitar,rockblast
tyranitar,rockslide
tyranitar,rocktomb
tyranitar,round
tyranitar,sandstorm
tyranitar,sandtomb
tyranitar,scaryface
tyranitar,screech
tyranitar,shadowclaw
tyranitar,sleeptalk
tyranitar,smackdown
tyranitar,snarl
tyranitar,snore
tyranitar,spite
tyranitar,stealthrock
tyranitar,stompingtantrum
tyranitar,stoneedge
tyranitar,substitute
tyranitar,sunnyday
tyranitar,superpower
tyranitar,surf
tyranitar,swagger
tyranitar,taunt
tyranitar,thrash
tyranitar,thunder
tyranitar,thunderbolt
tyranitar,thunderfang
tyranitar,thunderpunch
tyranitar,thunderwave
tyranitar,uproar
sceptile,acrobatics
sceptile,aerialace
sceptile,agility
sceptile,assurance
sceptile,bodyslam
sceptile,breakingswipe
sceptile,brickbreak
sceptile,brutalswing
sceptile,bulldoze
sceptile,bulletseed
sceptile,crosspoison
sceptile,crunch
sceptile,detect
sceptile,dig
sceptile,doubleedge
sceptile,doubleteam
sceptile,dragoncheer
sceptile,dragonclaw
sceptile,dragondance
sceptile,dragonpulse
sceptile,dragonrush
sceptile,dragontail
sceptile,drainpunch
sceptile,earthpower
sceptile,earthquake
sceptile,endeavor
sceptile,endure
sceptile,energyball
sceptile,facade
sceptile,fling
sceptile,focusblast
sceptile,focuspunch
sceptile,frenzyplant
sceptile,gigadrain
sceptile,gigaimpact
sceptile,grassknot
sceptile,grassyglide
sceptile,grassyterrain
sceptile,helpinghand
sceptile,hyperbeam
sceptile,irontail
sceptile,leafblade
sceptile,leafstorm
sceptile,leechseed
sceptile,lowkick
sceptile,lowsweep
sceptile,megakick
sceptile,nightslash
sceptile,outrage
sceptile,protect
sceptile,quickattack
sceptile,quickguard
sceptile,rest
sceptile,roar
sceptile,rockslide
sceptile,rocktomb
sceptile,round
sceptile,scaleshot
sceptile,screech
sceptile,seedbomb
sceptile,shedtail
sceptile,slash
sceptile,sleeptalk
sceptile,snore
sceptile,solarbeam
sceptile,solarblade
sceptile,substitute
sceptile,sunnyday
sceptile,swordsdance
sceptile,synthesis
sceptile,thief
sceptile,throatchop
sceptile,thunderpunch
sceptile,trailblaze
sceptile,upperhand
sceptile,vacuumwave
sceptile,worryseed
sceptile,xscissor
blaziken,acrobatics
blaziken,aerialace
blaziken,agility
blaziken,assurance
blaziken,aurasphere
blaziken,batonpass
blaziken,blastburn
blaziken,blazekick
blaziken,bodyslam
blaziken,bounce
blaziken,bravebird
blaziken,brickbreak
blaziken,bulkup
blaziken,bulldoze
blaziken,closecombat
blaziken,coaching
blaziken,counter
blaziken,crushclaw
blaziken,curse
blaziken,detect
blaziken,dig
blaziken,doubleedge
blaziken,earthquake
blaziken,endure
blaziken,facade
blaziken,featherdance
blaziken,feint
blaziken,fireblast
blaziken,firepunch
blaziken,firespin
blaziken,flamecharge
blaziken,flamethrower
blaziken,flareblitz
blaziken,fling
blaziken,focusblast
blaziken,focusenergy
blaziken,focuspunch
blaziken,gigaimpact
blaziken,heatcrash
blaziken,heatwave
blaziken,helpinghand
blaziken,highjumpkick
blaziken,hyperbeam
blaziken,knockoff
blaziken,lastresort
blaziken,lowkick
blaziken,lowsweep
blaziken,megakick
blaziken,mudslap
blaziken,nightslash
blaziken,overheat
blaziken,poisonjab
blaziken,protect
blaziken,quickattack
blaziken,rest
blaziken,reversal
blaziken,roar
blaziken,rockslide
blaziken,rocktomb
blaziken,round
blaziken,scorchingsands
blaziken,shadowclaw
blaziken,slash
blaziken,sleeptalk
blaziken,snore
blaziken,solarbeam
blaziken,stoneedge
blaziken,substitute
blaziken,sunnyday
blaziken,superpower
blaziken,swordsdance
blaziken,temperflare
blaziken,thief
blaziken,thunderpunch
blaziken,upperhand
blaziken,uproar
blaziken,uturn
blaziken,vacuumwave
blaziken,willowisp
swampert,amnesia
swampert,ancientpower
swampert,aquaring
swampert,avalanche
swampert,bite
swampert,blizzard
swampert,bodypress
swampert,bodyslam
swampert,brickbreak
swampert,bulkup
swampert,bulldoze
swampert,chillingwater
swampert,counter
swampert,curse
swampert,dig
swampert,dive
swampert,doubleedge
swampert,earthpower
swampert,earthquake
swampert,endeavor
swampert,endure
swampert,facade
swampert,fling
swampert,flipturn
swampert,focusblast
swampert,focuspunch
swampert,gigaimpact
swampert,hammerarm
swampert,hardpress
swampert,helpinghand
swampert,highhorsepower
swampert,hydrocannon
swampert,hydropump
swampert,hyperbeam
swampert,icebeam
swampert,icepunch
swampert,icywind
swampert,irontail
swampert,knockoff
swampert,liquidation
swampert,lowkick
swampert,megakick
swampert,mirrorcoat
swampert,muddywater
swampert,mudshot
swampert,mudslap
swampert,outrage
swampert,poisonjab
swampert,protect
swampert,raindance
swampert,rest
swampert,roar
swampert,rockslide
swampert,rocktomb
swampert,round
swampert,sandtomb
swampert,scaryface
swampert,screech
swampert,sleeptalk
swampert,sludgebomb
swampert,sludgewave
swampert,smackdown
swampert,snore
swampert,stealthrock
swampert,stompingtantrum
swampert,stoneedge
swampert,substitute
swampert,superpower
swampert,surf
swampert,uproar
swampert,waterfall
swampert,waterpulse
swampert,wavecrash
swampert,weatherball
swampert,whirlpool
swampert,wideguard
swampert,yawn
pelipper,acrobatics
pelipper,aerialace
pelipper,agility
pelipper,aircutter
pelipper,airslash
pelipper,aquaring
pelipper,blizzard
pelipper,bodyslam
pelipper,bravebird
pelipper,chillingwater
pelipper,dualwingbeat
pelipper,endure
pelipper,facade
pelipper,featherdance
pelipper,fling
pelipper,fly
pelipper,gigaimpact
pelipper,gunkshot
pelipper,helpinghand
pelipper,hurricane
pelipper,hydropump
pelipper,hyperbeam
pelipper,icebeam
pelipper,icywind
pelipper,knockoff
pelipper,liquidation
pelipper,muddywater
pelipper,protect
pelipper,quickattack
pelipper,raindance
pelipper,rest
pelipper,roost
pelipper,round
pelipper,seedbomb
pelipper,sleeptalk
pelipper,snore
pelipper,snowscape
pelipper,soak
pelipper,spitup
pelipper,steelwing
pelipper,stockpile
pelipper,substitute
pelipper,surf
pelipper,swallow
pelipper,tailwind
pelipper,thief
pelipper,uproar
pelipper,uturn
pelipper,waterfall
pelipper,waterpulse
pelipper,weatherball
pelipper,whirlpool
pelipper,wideguard
gardevoir,alluringvoice
gardevoir,aurasphere
gardevoir,bodyslam
gardevoir,calmmind
gardevoir,chargebeam
gardevoir,charm
gardevoir,confuseray
gardevoir,dazzlinggleam
gardevoir,destinybond
gardevoir,disable
gardevoir,doubleteam
gardevoir,drainingkiss
gardevoir,encore
gardevoir,endure
gardevoir,energyball
gardevoir,expandingforce
gardevoir,facade
gardevoir,firepunch
gardevoir,fling
gardevoir,focusblast
gardevoir,futuresight
gardevoir,gigaimpact
gardevoir,grassknot
gardevoir,gravity
gardevoir,guardswap
gardevoir,healingwish
gardevoir,healpulse
gardevoir,helpinghand
gardevoir,hyperbeam
gardevoir,hypervoice
gardevoir,hypnosis
gardevoir,icepunch
gardevoir,icywind
gardevoir,imprison
gardevoir,knockoff
gardevoir,lifedew
gardevoir,lightscreen
gardevoir,magicroom
gardevoir,meanlook
gardevoir,memento
gardevoir,mistyexplosion
gardevoir,mistyterrain
gardevoir,moonblast
gardevoir,mysticalfire
gardevoir,nightshade
gardevoir,painsplit
gardevoir,powerswap
gardevoir,protect
gardevoir,psychic
gardevoir,psychicnoise
gardevoir,psychicterrain
gardevoir,psychup
gardevoir,psyshock
gardevoir,raindance
gardevoir,reflect
gardevoir,rest
gardevoir,round
gardevoir,safeguard
gardevoir,shadowball
gardevoir,shadowsneak
gardevoir,skillswap
gardevoir,sleeptalk
gardevoir,snore
gardevoir,storedpower
gardevoir,substitute
gardevoir,sunnyday
gardevoir,swagger
gardevoir,taunt
gardevoir,thief
gardevoir,thunderbolt
gardevoir,thunderpunch
gardevoir,thunderwave
gardevoir,trick
gardevoir,trickroom
gardevoir,tripleaxel
gardevoir,vacuumwave
gardevoir,willowisp
gardevoir,wish
gardevoir,wonderroom
gardevoir,zenheadbutt
sableye,aerialace
sableye,bodyslam
sableye,brickbreak
sableye,bulkup
sableye,calmmind
sableye,confuseray
sableye,darkpulse
sableye,dazzlinggleam
sableye,detect
sableye,dig
sableye,disable
sableye,drainpunch
sableye,encore
sableye,endure
sableye,energyball
sableye,facade
sableye,fakeout
sableye,feint
sableye,firepunch
sableye,flatter
sableye,fling
sableye,focuspunch
sableye,foulplay
sableye,gigadrain
sableye,gigaimpact
sableye,gravity
sableye,gyroball
sableye,helpinghand
sableye,hex
sableye,hyperbeam
sableye,icepunch
sableye,icywind
sableye,imprison
sableye,knockoff
sableye,lashout
sableye,lightscreen
sableye,lowkick
sableye,lowsweep
sableye,meanlook
sableye,megakick
sableye,metalburst
sableye,mudshot
sableye,mudslap
sableye,nastyplot
sableye,nightshade
sableye,nightslash
sableye,painsplit
sableye,payback
sableye,phantomforce
sableye,poisonjab
sableye,poltergeist
sableye,powergem
sableye,protect
sableye,psychic
sableye,psychup
sableye,quash
sableye,raindance
sableye,recover
sableye,reflect
sableye,rest
sableye,rocktomb
sableye,round
sableye,safeguard
sableye,shadowball
sableye,shadowclaw
sableye,shadowpunch
sableye,shadowsneak
sableye,skillswap
sableye,skittersmack
sableye,sleeptalk
sableye,snarl
sableye,snore
sableye,spite
sableye,substitute
sableye,suckerpunch
sableye,sunnyday
sableye,swagger
sableye,taunt
sableye,thief
sableye,throatchop
sableye,thunderpunch
sableye,thunderwave
sableye,torment
sableye,trick
sableye,willowisp
sableye,wonderroom
sableye,xscissor
sableye,zenheadbutt
mawile,ancientpower
mawile,assurance
mawile,attract
mawile,batonpass
mawile,bite
mawile,bodyslam
mawile,brickbreak
mawile,brutalswing
mawile,charm
mawile,crunch
mawile,darkpulse
mawile,doubleedge
mawile,drainingkiss
mawile,dynamicpunch
mawile,endure
mawile,facade
mawile,faketears
mawile,fireblast
mawile,firefang
mawile,flamethrower
mawile,flashcannon
mawile,fling
mawile,focusblast
mawile,foulplay
mawile,gigaimpact
mawile,grassknot
mawile,guardswap
mawile,helpinghand
mawile,hyperbeam
mawile,icebeam
mawile,icefang
mawile,icepunch
mawile,icywind
mawile,irondefense
mawile,ironhead
mawile,knockoff
mawile,megakick
mawile,mistyterrain
mawile,payback
mawile,playrough
mawile,poisonfang
mawile,protect
mawile,psychicfangs
mawile,raindance
mawile,rest
mawile,rockslide
mawile,rocktomb
mawile,round
mawile,sandstorm
mawile,seismictoss
mawile,shadowball
mawile,sleeptalk
mawile,sludgebomb
mawile,snore
mawile,solarbeam
mawile,spitup
mawile,stealthrock
mawile,steelbeam
mawile,stockpile
mawile,stoneedge
mawile,substitute
mawile,suckerpunch
mawile,sunnyday
mawile,swagger
mawile,swallow
mawile,sweetscent
mawile,swordsdance
mawile,taunt
mawile,thunderfang
mawile,thunderpunch
mawile,tickle
aggron,ancientpower
aggron,attract
aggron,avalanche
aggron,blizzard
aggron,bodypress
aggron,bodyslam
aggron,brickbreak
aggron,brutalswing
aggron,bulldoze
aggron,crunch
aggron,curse
aggron,darkpulse
aggron,dig
aggron,doubleedge
aggron,dragonclaw
aggron,dragonpulse
aggron,dragonrush
aggron,earthpower
aggron,earthquake
aggron,endeavor
aggron,endure
aggron,facade
aggron,fireblast
aggron,firepunch
aggron,flamethrower
aggron,flashcannon
aggron,fling
aggron,focusblast
aggron,gigaimpact
aggron,headsmash
aggron,heavyslam
aggron,highhorsepower
aggron,hydropump
aggron,hyperbeam
aggron,icebeam
aggron,icepunch
aggron,icywind
aggron,irondefense
aggron,ironhead
aggron,irontail
aggron,lowkick
aggron,megakick
aggron,metalburst
aggron,metalsound
aggron,meteorbeam
aggron,mudslap
aggron,outrage
aggron,payback
aggron,protect
aggron,raindance
aggron,rest
aggron,reversal
aggron,roar
aggron,rockblast
aggron,rockslide
aggron,rocktomb
aggron,round
aggron,sandstorm
aggron,sandtomb
aggron,scaryface
aggron,screech
aggron,shadowclaw
aggron,sleeptalk
aggron,smartstrike
aggron,snore
aggron,solarbeam
aggron,stealthrock
aggron,steelbeam
aggron,steelroller
aggron,stompingtantrum
aggron,stoneedge
aggron,substitute
aggron,sunnyday
aggron,superpower
aggron,surf
aggron,swagger
aggron,taunt
aggron,thunder
aggron,thunderbolt
aggron,thunderpunch
aggron,thunderwave
aggron,uproar
aggron,whirlpool
medicham,acupressure
medicham,aerialace
medicham,agility
medicham,aurasphere
medicham,axekick
medicham,batonpass
medicham,blazekick
medicham,bodyslam
medicham,brickbreak
medicham,bulkup
medicham,bulletpunch
medicham,calmmind
medicham,closecombat
medicham,coaching
medicham,counter
medicham,detect
medicham,drainpunch
medicham,dynamicpunch
medicham,endure
medicham,energyball
medicham,expandingforce
medicham,facade
medicham,fakeout
medicham,feint
medicham,firepunch
medicham,fling
medicham,focusblast
medicham,focuspunch
medicham,gigaimpact
medicham,grassknot
medicham,gravity
medicham,guardswap
medicham,helpinghand
medicham,highjumpkick
medicham,hyperbeam
medicham,icepunch
medicham,imprison
medicham,lightscreen
medicham,lowkick
medicham,lowsweep
medicham,megakick
medicham,nightshade
medicham,painsplit
medicham,poisonjab
medicham,powerswap
medicham,powertrick
medicham,protect
medicham,psychic
medicham,psychicterrain
medicham,psychocut
medicham,psychup
medicham,psyshock
medicham,quickguard
medicham,raindance
medicham,recover
medicham,reflect
medicham,rest
medicham,reversal
medicham,rockslide
medicham,rocktomb
medicham,round
medicham,shadowball
medicham,skillswap
medicham,sleeptalk
medicham,snore
medicham,storedpower
medicham,substitute
medicham,sunnyday
medicham,taunt
medicham,thief
medicham,thunderpunch
medicham,trailblaze
medicham,trick
medicham,trickroom
medicham,upperhand
medicham,vacuumwave
medicham,zenheadbutt
manectric,agility
manectric,attract
manectric,bite
manectric,bodyslam
manectric,charge
manectric,chargebeam
manectric,crunch
manectric,curse
manectric,discharge
manectric,eerieimpulse
manectric,electricterrain
manectric,electroball
manectric,endure
manectric,facade
manectric,firefang
manectric,flamethrower
manectric,gigaimpact
manectric,howl
manectric,hyperbeam
manectric,hypervoice
manectric,icefang
manectric,irontail
manectric,lightscreen
manectric,overheat
manectric,pounce
manectric,protect
manectric,psychicfangs
manectric,quickattack
manectric,raindance
manectric,rest
manectric,risingvoltage
manectric,roar
manectric,round
manectric,scaryface
manectric,sleeptalk
manectric,snarl
manectric,snore
manectric,substitute
manectric,supercellslam
manectric,switcheroo
manectric,thief
manectric,thunder
manectric,thunderbolt
manectric,thunderfang
manectric,thunderwave
manectric,trailblaze
manectric,uproar
manectric,voltswitch
manectric,wildcharge
sharpedo,agility
sharpedo,ancientpower
sharpedo,aquajet
sharpedo,assurance
sharpedo,attract
sharpedo,avalanche
sharpedo,bite
sharpedo,blizzard
sharpedo,bounce
sharpedo,bulldoze
sharpedo,chillingwater
sharpedo,closecombat
sharpedo,crunch
sharpedo,darkpulse
sharpedo,destinybond
sharpedo,dive
sharpedo,doubleedge
sharpedo,earthquake
sharpedo,endure
sharpedo,facade
sharpedo,flipturn
sharpedo,focusenergy
sharpedo,gigaimpact
sharpedo,hydropump
sharpedo,hyperbeam
sharpedo,icebeam
sharpedo,icefang
sharpedo,icywind
sharpedo,liquidation
sharpedo,nightslash
sharpedo,payback
sharpedo,poisonfang
sharpedo,poisonjab
sharpedo,protect
sharpedo,psychicfangs
sharpedo,raindance
sharpedo,rest
sharpedo,rocktomb
sharpedo,round
sharpedo,scald
sharpedo,scaleshot
sharpedo,scaryface
sharpedo,screech
sharpedo,slash
sharpedo,sleeptalk
sharpedo,snarl
sharpedo,snore
sharpedo,substitute
sharpedo,surf
sharpedo,swagger
sharpedo,taunt
sharpedo,thief
sharpedo,thrash
sharpedo,uproar
sharpedo,waterfall
sharpedo,waterpulse
sharpedo,whirlpool
sharpedo,zenheadbutt
camerupt,amnesia
camerupt,ancientpower
camerupt,bodypress
camerupt,bodyslam
camerupt,bulldoze
camerupt,burningjealousy
camerupt,charm
camerupt,curse
camerupt,dig
camerupt,doubleedge
camerupt,earthpower
camerupt,earthquake
camerupt,endeavor
camerupt,endure
camerupt,eruption
camerupt,facade
camerupt,fireblast
camerupt,firespin
camerupt,fissure
camerupt,flamecharge
camerupt,flamethrower
camerupt,flareblitz
camerupt,flashcannon
camerupt,focusenergy
camerupt,gigaimpact
camerupt,growth
camerupt,heatcrash
camerupt,heatwave
camerupt,heavyslam
camerupt,helpinghand
camerupt,highhorsepower
camerupt,howl
camerupt,hyperbeam
camerupt,ironhead
camerupt,lashout
camerupt,lavaplume
camerupt,mudshot
camerupt,mudslap
camerupt,overheat
camerupt,protect
camerupt,raindance
camerupt,rest
camerupt,roar
camerupt,rockslide
camerupt,rocktomb
camerupt,round
camerupt,sandstorm
camerupt,scaryface
camerupt,scorchingsands
camerupt,selfdestruct
camerupt,sleeptalk
camerupt,smackdown
camerupt,snore
camerupt,solarbeam
camerupt,spitup
camerupt,stealthrock
camerupt,stockpile
camerupt,stompingtantrum
camerupt,stoneedge
camerupt,substitute
camerupt,sunnyday
camerupt,swallow
camerupt,temperflare
camerupt,trailblaze
camerupt,willowisp
camerupt,yawn
camerupt,zenheadbutt
torkoal,amnesia
torkoal,ancientpower
torkoal,bodypress
torkoal,bodyslam
torkoal,bulldoze
torkoal,burningjealousy
torkoal,clearsmog
torkoal,curse
torkoal,doubleedge
torkoal,earthpower
torkoal,earthquake
torkoal,endure
torkoal,eruption
torkoal,facade
torkoal,fireblast
torkoal,firespin
torkoal,fissure
torkoal,flail
torkoal,flamecharge
torkoal,flamethrower
torkoal,flareblitz
torkoal,gigaimpact
torkoal,gyroball
torkoal,heatcrash
torkoal,heatwave
torkoal,heavyslam
torkoal,helpinghand
torkoal,hyperbeam
torkoal,inferno
torkoal,irondefense
torkoal,lavaplume
torkoal,overheat
torkoal,protect
torkoal,rapidspin
torkoal,rest
torkoal,rockslide
torkoal,rocktomb
torkoal,round
torkoal,sandstorm
torkoal,scorchingsands
torkoal,selfdestruct
torkoal,shellsmash
torkoal,sleeptalk
torkoal,sludgebomb
torkoal,snore
torkoal,solarbeam
torkoal,stealthrock
torkoal,stompingtantrum
torkoal,stoneedge
torkoal,substitute
torkoal,sunnyday
torkoal,superpower
torkoal,temperflare
torkoal,weatherball
torkoal,willowisp
torkoal,yawn
torkoal,zenheadbutt
altaria,acrobatics
altaria,aerialace
altaria,agility
altaria,alluringvoice
altaria,bodyslam
altaria,bravebird
altaria,breakingswipe
altaria,bulldoze
altaria,cottonguard
altaria,dazzlinggleam
altaria,defog
altaria,doubleedge
altaria,dracometeor
altaria,dragoncheer
altaria,dragonclaw
altaria,dragondance
altaria,dragonpulse
altaria,dragonrush
altaria,dualwingbeat
altaria,earthquake
altaria,endeavor
altaria,endure
altaria,facade
altaria,featherdance
altaria,fireblast
altaria,firespin
altaria,flamethrower
altaria,fly
altaria,gigaimpact
altaria,haze
altaria,heatwave
altaria,helpinghand
altaria,hurricane
altaria,hyperbeam
altaria,hypervoice
altaria,icebeam
altaria,moonblast
altaria,outrage
altaria,perishsong
altaria,playrough
altaria,pluck
altaria,powerswap
altaria,protect
altaria,raindance
altaria,rest
altaria,roar
altaria,roost
altaria,round
altaria,safeguard
altaria,sing
altaria,skyattack
altaria,sleeptalk
altaria,snore
altaria,snowscape
altaria,solarbeam
altaria,steelwing
altaria,substitute
altaria,sunnyday
altaria,tailwind
altaria,thief
altaria,trailblaze
altaria,uproar
altaria,weatherball
altaria,willowisp
altaria,wonderroom
milotic,alluringvoice
milotic,aquaring
milotic,aquatail
milotic,attract
milotic,avalanche
milotic,blizzard
milotic,bodyslam
milotic,breakingswipe
milotic,brutalswing
milotic,bulldoze
milotic,chillingwater
milotic,coil
milotic,confuseray
milotic,dive
milotic,doubleedge
milotic,dragoncheer
milotic,dragondance
milotic,dragonpulse
milotic,dragontail
milotic,drainingkiss
milotic,endure
milotic,facade
milotic,flail
milotic,flipturn
milotic,gigaimpact
milotic,haze
milotic,helpinghand
milotic,hydropump
milotic,hyperbeam
milotic,hypnosis
milotic,icebeam
milotic,icywind
milotic,imprison
milotic,ironhead
milotic,irontail
milotic,lifedew
milotic,lightscreen
milotic,mirrorcoat
milotic,muddywater
milotic,mudshot
milotic,protect
milotic,psychup
milotic,raindance
milotic,recover
milotic,rest
milotic,round
milotic,safeguard
milotic,scald
milotic,scaleshot
milotic,skittersmack
milotic,sleeptalk
milotic,snore
milotic,substitute
milotic,surf
milotic,tickle
milotic,tripleaxel
milotic,waterfall
milotic,waterpulse
milotic,weatherball
milotic,whirlpool
milotic,wrap
castform,amnesia
castform,attract
castform,avalanche
castform,blizzard
castform,bodyslam
castform,chillingwater
castform,cosmicpower
castform,endure
castform,energyball
castform,facade
castform,fireblast
castform,flamethrower
castform,futuresight
castform,guardswap
castform,hex
castform,hurricane
castform,hydropump
castform,icebeam
castform,icywind
castform,protect
castform,raindance
castform,rest
castform,round
castform,sandstorm
castform,scald
castform,shadowball
castform,sleeptalk
castform,snore
castform,snowscape
castform,solarbeam
castform,substitute
castform,sunnyday
castform,thief
castform,thunder
castform,thunderbolt
castform,thunderwave
castform,weatherball
banette,burningjealousy
banette,calmmind
banette,chargebeam
banette,confuseray
banette,curse
banette,darkpulse
banette,dazzlinggleam
banette,destinybond
banette,disable
banette,encore
banette,endure
banette,facade
banette,fling
banette,foulplay
banette,gigaimpact
banette,gunkshot
banette,helpinghand
banette,hex
banette,hyperbeam
banette,icywind
banette,imprison
banette,knockoff
banette,lashout
banette,magicroom
banette,nastyplot
banette,nightshade
banette,painsplit
banette,payback
banette,phantomforce
banette,poltergeist
banette,pounce
banette,protect
banette,psychic
banette,psychup
banette,raindance
banette,rest
banette,roleplay
banette,round
banette,scaryface
banette,screech
banette,shadowball
banette,shadowclaw
banette,shadowpunch
banette,shadowsneak
banette,skillswap
banette,skittersmack
banette,slash
banette,sleeptalk
banette,snore
banette,spite
banette,substitute
banette,suckerpunch
banette,sunnyday
banette,swagger
banette,swordsdance
banette,taunt
banette,thief
banette,throatchop
banette,thunder
banette,thunderbolt
banette,thunderwave
banette,torment
banette,trailblaze
banette,trick
banette,trickroom
banette,willowisp
banette,zenheadbutt
chimecho,allyswitch
chimecho,batonpass
chimecho,boomburst
chimecho,calmmind
chimecho,chargebeam
chimecho,charm
chimecho,cosmicpower
chimecho,curse
chimecho,dazzlinggleam
chimecho,disable
chimecho,doubleedge
chimecho,drainingkiss
chimecho,encore
chimecho,endure
chimecho,energyball
chimecho,expandingforce
chimecho,extrasensory
chimecho,facade
chimecho,faketears
chimecho,flashcannon
chimecho,futuresight
chimecho,grassknot
chimecho,gravity
chimecho,healbell
chimecho,healingwish
chimecho,healpulse
chimecho,helpinghand
chimecho,hypervoice
chimecho,hypnosis
chimecho,icywind
chimecho,imprison
chimecho,knockoff
chimecho,lightscreen
chimecho,metalsound
chimecho,protect
chimecho,psychic
chimecho,psychicnoise
chimecho,psychup
chimecho,psyshock
chimecho,raindance
chimecho,recover
chimecho,recycle
chimecho,reflect
chimecho,rest
chimecho,round
chimecho,safeguard
chimecho,screech
chimecho,selfdestruct
chimecho,shadowball
chimecho,skillswap
chimecho,sleeptalk
chimecho,snarl
chimecho,snore
chimecho,storedpower
chimecho,substitute
chimecho,sunnyday
chimecho,taunt
chimecho,thunderwave
chimecho,trick
chimecho,trickroom
chimecho,uproar
chimecho,wish
chimecho,wrap
chimecho,yawn
chimecho,zenheadbutt
absol,aerialace
absol,airslash
absol,assurance
absol,attract
absol,batonpass
absol,bite
absol,blizzard
absol,bodyslam
absol,bounce
absol,brutalswing
absol,calmmind
absol,closecombat
absol,confuseray
absol,curse
absol,darkpulse
absol,detect
absol,doubleedge
absol,doubleteam
absol,endure
absol,facade
absol,feint
absol,fireblast
absol,flamethrower
absol,focusenergy
absol,foulplay
absol,futuresight
absol,gigaimpact
absol,hex
absol,hyperbeam
absol,icebeam
absol,icywind
absol,irontail
absol,knockoff
absol,meanlook
absol,megahorn
absol,nightslash
absol,payback
absol,perishsong
absol,phantomforce
absol,playrough
absol,protect
absol,psychocut
absol,quickattack
absol,raindance
absol,rest
absol,rockslide
absol,rocktomb
absol,round
absol,sandstorm
absol,shadowball
absol,shadowclaw
absol,shadowsneak
absol,slash
absol,sleeptalk
absol,snarl
absol,snore
absol,stoneedge
absol,substitute
absol,suckerpunch
absol,sunnyday
absol,superpower
absol,swordsdance
absol,taunt
absol,thief
absol,throatchop
absol,thunder
absol,thunderbolt
absol,thunderwave
absol,trailblaze
absol,willowisp
absol,xscissor
absol,zenheadbutt
glalie,avalanche
glalie,bite
glalie,blizzard
glalie,block
glalie,bodyslam
glalie,bulldoze
glalie,chillingwater
glalie,crunch
glalie,darkpulse
glalie,disable
glalie,doubleteam
glalie,earthquake
glalie,endure
glalie,explosion
glalie,facade
glalie,faketears
glalie,foulplay
glalie,freezedry
glalie,frostbreath
glalie,gigaimpact
glalie,gyroball
glalie,helpinghand
glalie,hex
glalie,hyperbeam
glalie,icebeam
glalie,icefang
glalie,iceshard
glalie,icespinner
glalie,iciclecrash
glalie,iciclespear
glalie,icywind
glalie,ironhead
glalie,lightscreen
glalie,payback
glalie,protect
glalie,raindance
glalie,rest
glalie,round
glalie,scaryface
glalie,selfdestruct
glalie,shadowball
glalie,sheercold
glalie,sleeptalk
glalie,snore
glalie,snowscape
glalie,spikes
glalie,spite
glalie,steelroller
glalie,substitute
glalie,switcheroo
glalie,taunt
glalie,trailblaze
glalie,waterpulse
glalie,weatherball
metagross,aerialace
metagross,agility
metagross,bodypress
metagross,bodyslam
metagross,brickbreak
metagross,brutalswing
metagross,bulldoze
metagross,bulletpunch
metagross,cosmicpower
metagross,doubleedge
metagross,earthquake
metagross,endure
metagross,expandingforce
metagross,explosion
metagross,facade
metagross,flashcannon
metagross,focuspunch
metagross,futuresight
metagross,gigaimpact
metagross,grassknot
metagross,gravity
metagross,gyroball
metagross,hammerarm
metagross,hardpress
metagross,hyperbeam
metagross,icepunch
metagross,icywind
metagross,irondefense
metagross,ironhead
metagross,lightscreen
metagross,magnetrise
metagross,meteorbeam
metagross,meteormash
metagross,mudslap
metagross,protect
metagross,psychic
metagross,psychicfangs
metagross,psychicnoise
metagross,psychocut
metagross,psychup
metagross,psyshock
metagross,raindance
metagross,reflect
metagross,rest
metagross,rockslide
metagross,rocktomb
metagross,round
metagross,sandstorm
metagross,scaryface
metagross,selfdestruct
metagross,shadowball
metagross,shadowclaw
metagross,shadowpunch
metagross,sleeptalk
metagross,sludgebomb
metagross,snore
metagross,stealthrock
metagross,steelbeam
metagross,steelroller
metagross,stompingtantrum
metagross,stoneedge
metagross,substitute
metagross,sunnyday
metagross,swagger
metagross,thunderpunch
metagross,trailblaze
metagross,trick
metagross,zenheadbutt
torterra,amnesia
torterra,attract
torterra,bite
torterra,bodypress
torterra,bodyslam
torterra,bulldoze
torterra,bulletseed
torterra,crunch
torterra,curse
torterra,doubleedge
torterra,earthpower
torterra,earthquake
torterra,endure
torterra,energyball
torterra,facade
torterra,frenzyplant
torterra,gigadrain
torterra,gigaimpact
torterra,grassknot
torterra,grassyglide
torterra,grassyterrain
torterra,growth
torterra,hardpress
torterra,headlongrush
torterra,heavyslam
torterra,highhorsepower
torterra,hyperbeam
torterra,hypervoice
torterra,irondefense
torterra,ironhead
torterra,leafstorm
torterra,leechseed
torterra,lightscreen
torterra,mudshot
torterra,mudslap
torterra,outrage
torterra,protect
torterra,reflect
torterra,rest
torterra,roar
torterra,rockblast
torterra,rockslide
torterra,rocktomb
torterra,round
torterra,sandstorm
torterra,sandtomb
torterra,scaryface
torterra,scorchingsands
torterra,seedbomb
torterra,shellsmash
torterra,sleeptalk
torterra,smackdown
torterra,snore
torterra,solarbeam
torterra,spitup
torterra,stealthrock
torterra,stockpile
torterra,stompingtantrum
torterra,stoneedge
torterra,substitute
torterra,sunnyday
torterra,superpower
torterra,swallow
torterra,swordsdance
torterra,synthesis
torterra,thrash
torterra,tickle
torterra,trailblaze
torterra,wideguard
torterra,woodhammer
torterra,worryseed
torterra,zenheadbutt
infernape,acrobatics
infernape,aerialace
infernape,agility
infernape,attract
infernape,aurasphere
infernape,blastburn
infernape,blazekick
infernape,bodyslam
infernape,brickbreak
infernape,bulkup
infernape,bulldoze
infernape,burningjealousy
infernape,calmmind
infernape,closecombat
infernape,coaching
infernape,counter
infernape,dig
infernape,doubleedge
infernape,drainpunch
infernape,earthquake
infernape,encore
infernape,endeavor
infernape,endure
infernape,facade
infernape,fakeout
infernape,faketears
infernape,feint
infernape,fireblast
infernape,firepunch
infernape,firespin
infernape,flamecharge
infernape,flamethrower
infernape,flareblitz
infernape,fling
infernape,focusblast
infernape,focusenergy
infernape,focuspunch
infernape,gigaimpact
infernape,grassknot
infernape,gunkshot
infernape,heatwave
infernape,helpinghand
infernape,hyperbeam
infernape,irontail
infernape,knockoff
infernape,lashout
infernape,lowkick
infernape,lowsweep
infernape,machpunch
infernape,mudslap
infernape,nastyplot
infernape,overheat
infernape,poisonjab
infernape,protect
infernape,psychup
infernape,ragingfury
infernape,rest
infernape,reversal
infernape,roar
infernape,rockslide
infernape,rocktomb
infernape,round
infernape,scaryface
infernape,scorchingsands
infernape,shadowclaw
infernape,slackoff
infernape,sleeptalk
infernape,smackdown
infernape,snore
infernape,solarbeam
infernape,stealthrock
infernape,stoneedge
infernape,substitute
infernape,sunnyday
infernape,switcheroo
infernape,swordsdance
infernape,taunt
infernape,temperflare
infernape,thief
infernape,throatchop
infernape,thunderpunch
infernape,torment
infernape,upperhand
infernape,uproar
infernape,uturn
infernape,vacuumwave
infernape,willowisp
infernape,zenheadbutt
empoleon,aerialace
empoleon,agility
empoleon,aircutter
empoleon,airslash
empoleon,aquajet
empoleon,aquaring
empoleon,attract
empoleon,avalanche
empoleon,blizzard
empoleon,bodyslam
empoleon,brickbreak
empoleon,bulldoze
empoleon,charm
empoleon,chillingwater
empoleon,dig
empoleon,dive
empoleon,doubleedge
empoleon,drillpeck
empoleon,dualwingbeat
empoleon,earthquake
empoleon,endure
empoleon,facade
empoleon,featherdance
empoleon,flashcannon
empoleon,fling
empoleon,flipturn
empoleon,gigaimpact
empoleon,grassknot
empoleon,haze
empoleon,helpinghand
empoleon,hydrocannon
empoleon,hydropump
empoleon,hyperbeam
empoleon,icebeam
empoleon,icespinner
empoleon,icywind
empoleon,irondefense
empoleon,knockoff
empoleon,lashout
empoleon,liquidation
empoleon,metalsound
empoleon,mudslap
empoleon,powertrip
empoleon,protect
empoleon,psychup
empoleon,raindance
empoleon,rest
empoleon,roar
empoleon,rockslide
empoleon,rocktomb
empoleon,roost
empoleon,round
empoleon,scaryface
empoleon,shadowclaw
empoleon,sleeptalk
empoleon,snore
empoleon,snowscape
empoleon,stealthrock
empoleon,steelbeam
empoleon,steelwing
empoleon,substitute
empoleon,surf
empoleon,swagger
empoleon,swordsdance
empoleon,throatchop
empoleon,tripleaxel
empoleon,uproar
empoleon,vacuumwave
empoleon,waterfall
empoleon,waterpulse
empoleon,wavecrash
empoleon,weatherball
empoleon,whirlpool
empoleon,yawn
staraptor,acrobatics
staraptor,aerialace
staraptor,agility
staraptor,aircutter
staraptor,airslash
staraptor,blazekick
staraptor,bravebird
staraptor,brickbreak
staraptor,bulkup
staraptor,closecombat
staraptor,doubleedge
staraptor,doubleteam
staraptor,dualwingbeat
staraptor,endeavor
staraptor,endure
staraptor,facade
staraptor,featherdance
staraptor,finalgambit
staraptor,fly
staraptor,focusblast
staraptor,gigaimpact
staraptor,heatwave
staraptor,helpinghand
staraptor,hurricane
staraptor,hyperbeam
staraptor,protect
staraptor,quickattack
staraptor,raindance
staraptor,rest
staraptor,roost
staraptor,round
staraptor,skyattack
staraptor,sleeptalk
staraptor,snore
staraptor,steelwing
staraptor,substitute
staraptor,sunnyday
staraptor,swagger
staraptor,tailwind
staraptor,thief
staraptor,uproar
staraptor,uturn
staraptor,whirlwind
luxray,agility
luxray,babydolleyes
luxray,bite
luxray,bodyslam
luxray,charge
luxray,chargebeam
luxray,confuseray
luxray,crunch
luxray,discharge
luxray,doubleedge
luxray,eerieimpulse
luxray,electricterrain
luxray,electroball
luxray,electroweb
luxray,endure
luxray,facade
luxray,faketears
luxray,firefang
luxray,gigaimpact
luxray,helpinghand
luxray,howl
luxray,hyperbeam
luxray,icefang
luxray,irontail
luxray,lightscreen
luxray,nightslash
luxray,playrough
luxray,protect
luxray,psychicfangs
luxray,quickattack
luxray,raindance
luxray,rest
luxray,risingvoltage
luxray,roar
luxray,round
luxray,scaryface
luxray,sleeptalk
luxray,snarl
luxray,snore
luxray,substitute
luxray,sunnyday
luxray,supercellslam
luxray,superpower
luxray,swagger
luxray,thief
luxray,throatchop
luxray,thunder
luxray,thunderbolt
luxray,thunderfang
luxray,thunderwave
luxray,trailblaze
luxray,voltswitch
luxray,wildcharge
roserade,attract
roserade,bodyslam
roserade,bulletseed
roserade,charm
roserade,cottonspore
roserade,dazzlinggleam
roserade,endure
roserade,energyball
roserade,extrasensory
roserade,facade
roserade,gigadrain
roserade,gigaimpact
roserade,grassknot
roserade,grassyglide
roserade,grassyterrain
roserade,growth
roserade,hyperbeam
roserade,ingrain
roserade,leafstorm
roserade,leechseed
roserade,lifedew
roserade,petalblizzard
roserade,petaldance
roserade,pinmissile
roserade,poisonjab
roserade,powerwhip
roserade,protect
roserade,raindance
roserade,rest
roserade,round
roserade,seedbomb
roserade,shadowball
roserade,sleeppowder
roserade,sleeptalk
roserade,sludgebomb
roserade,snore
roserade,solarbeam
roserade,spikes
roserade,stunspore
roserade,substitute
roserade,sunnyday
roserade,sweetscent
roserade,swordsdance
roserade,synthesis
roserade,toxic
roserade,toxicspikes
roserade,trailblaze
roserade,uproar
roserade,venoshock
roserade,weatherball
roserade,worryseed
rampardos,ancientpower
rampardos,assurance
rampardos,attract
rampardos,avalanche
rampardos,blizzard
rampardos,bodypress
rampardos,bodyslam
rampardos,breakingswipe
rampardos,brickbreak
rampardos,bulldoze
rampardos,crunch
rampardos,curse
rampardos,dig
rampardos,doubleedge
rampardos,dragoncheer
rampardos,dragonclaw
rampardos,dragonpulse
rampardos,dragontail
rampardos,earthpower
rampardos,earthquake
rampardos,endeavor
rampardos,endure
rampardos,facade
rampardos,fireblast
rampardos,firepunch
rampardos,flamethrower
rampardos,fling
rampardos,focusblast
rampardos,focusenergy
rampardos,focuspunch
rampardos,gigaimpact
rampardos,hammerarm
rampardos,headsmash
rampardos,heavyslam
rampardos,hyperbeam
rampardos,icebeam
rampardos,ironhead
rampardos,irontail
rampardos,meteorbeam
rampardos,mudslap
rampardos,outrage
rampardos,payback
rampardos,protect
rampardos,raindance
rampardos,rest
rampardos,roar
rampardos,rockblast
rampardos,rockslide
rampardos,rocktomb
rampardos,round
rampardos,sandstorm
rampardos,scaryface
rampardos,screech
rampardos,sleeptalk
rampardos,smackdown
rampardos,snore
rampardos,stealthrock
rampardos,stompingtantrum
rampardos,stoneedge
rampardos,substitute
rampardos,sunnyday
rampardos,supercellslam
rampardos,superpower
rampardos,surf
rampardos,swordsdance
rampardos,thief
rampardos,thrash
rampardos,thunder
rampardos,thunderbolt
rampardos,thunderpunch
rampardos,trailblaze
rampardos,uproar
rampardos,whirlwind
rampardos,zenheadbutt
bastiodon,ancientpower
bastiodon,attract
bastiodon,avalanche
bastiodon,blizzard
bastiodon,block
bastiodon,bodypress
bastiodon,bodyslam
bastiodon,bulldoze
bastiodon,counter
bastiodon,curse
bastiodon,dig
bastiodon,doubleedge
bastiodon,earthpower
bastiodon,earthquake
bastiodon,endure
bastiodon,facade
bastiodon,fireblast
bastiodon,fissure
bastiodon,flamethrower
bastiodon,flashcannon
bastiodon,focusenergy
bastiodon,foulplay
bastiodon,gigaimpact
bastiodon,guardsplit
bastiodon,hardpress
bastiodon,heavyslam
bastiodon,hyperbeam
bastiodon,icebeam
bastiodon,irondefense
bastiodon,ironhead
bastiodon,irontail
bastiodon,metalburst
bastiodon,metalsound
bastiodon,meteorbeam
bastiodon,mudslap
bastiodon,outrage
bastiodon,powergem
bastiodon,protect
bastiodon,raindance
bastiodon,reflect
bastiodon,rest
bastiodon,reversal
bastiodon,roar
bastiodon,rockblast
bastiodon,rockslide
bastiodon,rocktomb
bastiodon,round
bastiodon,sandstorm
bastiodon,sandtomb
bastiodon,scaryface
bastiodon,scorchingsands
bastiodon,screech
bastiodon,sleeptalk
bastiodon,smackdown
bastiodon,snore
bastiodon,stealthrock
bastiodon,steelbeam
bastiodon,steelroller
bastiodon,stompingtantrum
bastiodon,stoneedge
bastiodon,substitute
bastiodon,sunnyday
bastiodon,swagger
bastiodon,taunt
bastiodon,thunder
bastiodon,thunderbolt
bastiodon,trailblaze
bastiodon,wideguard
lopunny,acrobatics
lopunny,afteryou
lopunny,agility
lopunny,assurance
lopunny,attract
lopunny,aurasphere
lopunny,babydolleyes
lopunny,batonpass
lopunny,blizzard
lopunny,bounce
lopunny,brutalswing
lopunny,charm
lopunny,circlethrow
lopunny,closecombat
lopunny,copycat
lopunny,cosmicpower
lopunny,cottonguard
lopunny,dig
lopunny,doublehit
lopunny,drainingkiss
lopunny,drainpunch
lopunny,dynamicpunch
lopunny,encore
lopunny,endure
lopunny,entrainment
lopunny,facade
lopunny,fakeout
lopunny,faketears
lopunny,firepunch
lopunny,flail
lopunny,flatter
lopunny,fling
lopunny,focusblast
lopunny,focuspunch
lopunny,gigaimpact
lopunny,grassknot
lopunny,healingwish
lopunny,helpinghand
lopunny,highjumpkick
lopunny,hyperbeam
lopunny,hypervoice
lopunny,icebeam
lopunny,icepunch
lopunny,irontail
lopunny,lowkick
lopunny,lowsweep
lopunny,machpunch
lopunny,megakick
lopunny,mirrorcoat
lopunny,payback
lopunny,playrough
lopunny,pounce
lopunny,protect
lopunny,quickattack
lopunny,raindance
lopunny,rest
lopunny,reversal
lopunny,round
lopunny,shadowball
lopunny,sleeptalk
lopunny,snore
lopunny,solarbeam
lopunny,substitute
lopunny,sunnyday
lopunny,sweetkiss
lopunny,switcheroo
lopunny,swordsdance
lopunny,teeterdance
lopunny,thunder
lopunny,thunderbolt
lopunny,thunderpunch
lopunny,thunderwave
lopunny,trailblaze
lopunny,tripleaxel
lopunny,uproar
lopunny,uturn
spiritomb,allyswitch
spiritomb,bodyslam
spiritomb,burningjealousy
spiritomb,calmmind
spiritomb,confuseray
spiritomb,curse
spiritomb,darkpulse
spiritomb,destinybond
spiritomb,disable
spiritomb,endure
spiritomb,facade
spiritomb,foulplay
spiritomb,gigaimpact
spiritomb,helpinghand
spiritomb,hex
spiritomb,hyperbeam
spiritomb,hypnosis
spiritomb,icywind
spiritomb,imprison
spiritomb,lashout
spiritomb,memento
spiritomb,nastyplot
spiritomb,nightshade
spiritomb,painsplit
spiritomb,payback
spiritomb,phantomforce
spiritomb,poltergeist
spiritomb,protect
spiritomb,psychic
spiritomb,psyshock
spiritomb,raindance
spiritomb,rest
spiritomb,rocktomb
spiritomb,round
spiritomb,scaryface
spiritomb,shadowball
spiritomb,shadowsneak
spiritomb,skillswap
spiritomb,sleeptalk
spiritomb,snarl
spiritomb,snore
spiritomb,spite
spiritomb,storedpower
spiritomb,substitute
spiritomb,suckerpunch
spiritomb,sunnyday
spiritomb,taunt
spiritomb,thief
spiritomb,toxic
spiritomb,trick
spiritomb,trickroom
spiritomb,uproar
spiritomb,willowisp
spiritomb,wonderroom
garchomp,aerialace
garchomp,bite
garchomp,bodyslam
garchomp,breakingswipe
garchomp,brickbreak
garchomp,brutalswing
garchomp,bulldoze
garchomp,crunch
garchomp,dig
garchomp,doubleedge
garchomp,dracometeor
garchomp,dragoncheer
garchomp,dragonclaw
garchomp,dragonpulse
garchomp,dragonrush
garchomp,dragontail
garchomp,earthpower
garchomp,earthquake
garchomp,endure
garchomp,facade
garchomp,fireblast
garchomp,firefang
garchomp,flamethrower
garchomp,fling
garchomp,gigaimpact
garchomp,helpinghand
garchomp,hyperbeam
garchomp,ironhead
garchomp,irontail
garchomp,liquidation
garchomp,mudshot
garchomp,outrage
garchomp,poisonjab
garchomp,powergem
garchomp,protect
garchomp,raindance
garchomp,rest
garchomp,rockslide
garchomp,rocktomb
garchomp,round
garchomp,sandstorm
garchomp,sandtomb
garchomp,scaleshot
garchomp,scaryface
garchomp,scorchingsands
garchomp,shadowclaw
garchomp,slash
garchomp,sleeptalk
garchomp,snore
garchomp,spikes
garchomp,stealthrock
garchomp,stompingtantrum
garchomp,stoneedge
garchomp,substitute
garchomp,sunnyday
garchomp,surf
garchomp,swordsdance
garchomp,thrash
garchomp,thunderfang
lucario,aerialace
lucario,agility
lucario,aurasphere
lucario,bite
lucario,blazekick
lucario,bodyslam
lucario,bonerush
lucario,brickbreak
lucario,bulkup
lucario,bulldoze
lucario,bulletpunch
lucario,calmmind
lucario,circlethrow
lucario,closecombat
lucario,coaching
lucario,copycat
lucario,counter
lucario,crosschop
lucario,crunch
lucario,darkpulse
lucario,detect
lucario,dig
lucario,dragonpulse
lucario,drainpunch
lucario,earthquake
lucario,endure
lucario,extremespeed
lucario,facade
lucario,feint
lucario,finalgambit
lucario,flashcannon
lucario,fling
lucario,focusblast
lucario,focusenergy
lucario,focuspunch
lucario,gigaimpact
lucario,healpulse
lucario,helpinghand
lucario,highjumpkick
lucario,howl
lucario,hyperbeam
lucario,icepunch
lucario,irondefense
lucario,irontail
lucario,lifedew
lucario,lowkick
lucario,lowsweep
lucario,megakick
lucario,metalsound
lucario,meteormash
lucario,nastyplot
lucario,payback
lucario,poisonjab
lucario,protect
lucario,psychic
lucario,psychup
lucario,quickattack
lucario,quickguard
lucario,raindance
lucario,rest
lucario,reversal
lucario,roar
lucario,rockslide
lucario,rocktomb
lucario,round
lucario,scaryface
lucario,screech
lucario,shadowball
lucario,shadowclaw
lucario,sleeptalk
lucario,snore
lucario,steelbeam
lucario,stoneedge
lucario,substitute
lucario,sunnyday
lucario,swordsdance
lucario,terrainpulse
lucario,thunderpunch
lucario,trailblaze
lucario,upperhand
lucario,vacuumwave
lucario,waterpulse
lucario,zenheadbutt
hippowdon,amnesia
hippowdon,bite
hippowdon,bodypress
hippowdon,bodyslam
hippowdon,bulldoze
hippowdon,crunch
hippowdon,curse
hippowdon,dig
hippowdon,doubleedge
hippowdon,earthpower
hippowdon,earthquake
hippowdon,endure
hippowdon,facade
hippowdon,firefang
hippowdon,fissure
hippowdon,gigaimpact
hippowdon,hardpress
hippowdon,heavyslam
hippowdon,helpinghand
hippowdon,highhorsepower
hippowdon,hyperbeam
hippowdon,hypervoice
hippowdon,icefang
hippowdon,ironhead
hippowdon,muddywater
hippowdon,mudshot
hippowdon,mudslap
hippowdon,protect
hippowdon,rest
hippowdon,roar
hippowdon,rockslide
hippowdon,rocktomb
hippowdon,round
hippowdon,sandstorm
hippowdon,sandtomb
hippowdon,scorchingsands
hippowdon,slackoff
hippowdon,sleeptalk
hippowdon,snore
hippowdon,spitup
hippowdon,stealthrock
hippowdon,stockpile
hippowdon,stompingtantrum
hippowdon,stoneedge
hippowdon,substitute
hippowdon,sunnyday
hippowdon,superpower
hippowdon,swallow
hippowdon,thunderfang
hippowdon,whirlwind
hippowdon,yawn
toxicroak,acidspray
toxicroak,aerialace
toxicroak,assurance
toxicroak,batonpass
toxicroak,belch
toxicroak,bounce
toxicroak,brickbreak
toxicroak,bulkup
toxicroak,bulldoze
toxicroak,bulletpunch
toxicroak,chillingwater
toxicroak,closecombat
toxicroak,coaching
toxicroak,corrosivegas
toxicroak,counter
toxicroak,crosschop
toxicroak,crosspoison
toxicroak,darkpulse
toxicroak,dig
toxicroak,drainpunch
toxicroak,dynamicpunch
toxicroak,earthquake
toxicroak,encore
toxicroak,endure
toxicroak,facade
toxicroak,fakeout
toxicroak,feint
toxicroak,flatter
toxicroak,fling
toxicroak,focusblast
toxicroak,focuspunch
toxicroak,foulplay
toxicroak,gigaimpact
toxicroak,gunkshot
toxicroak,helpinghand
toxicroak,hyperbeam
toxicroak,icepunch
toxicroak,icywind
toxicroak,knockoff
toxicroak,lashout
toxicroak,lowkick
toxicroak,lowsweep
toxicroak,megakick
toxicroak,mudshot
toxicroak,mudslap
toxicroak,nastyplot
toxicroak,payback
toxicroak,poisonjab
toxicroak,protect
toxicroak,quickguard
toxicroak,raindance
toxicroak,rest
toxicroak,reversal
toxicroak,rockslide
toxicroak,rocktomb
toxicroak,round
toxicroak,scaryface
toxicroak,screech
toxicroak,shadowball
toxicroak,shadowclaw
toxicroak,sleeptalk
toxicroak,sludgebomb
toxicroak,sludgewave
toxicroak,snore
toxicroak,spite
toxicroak,stoneedge
toxicroak,substitute
toxicroak,suckerpunch
toxicroak,sunnyday
toxicroak,superfang
toxicroak,swagger
toxicroak,swordsdance
toxicroak,taunt
toxicroak,thief
toxicroak,throatchop
toxicroak,thunderpunch
toxicroak,toxic
toxicroak,upperhand
toxicroak,vacuumwave
toxicroak,venoshock
toxicroak,xscissor
abomasnow,auroraveil
abomasnow,avalanche
abomasnow,blizzard
abomasnow,bodypress
abomasnow,bodyslam
abomasnow,brickbreak
abomasnow,bulldoze
abomasnow,bulletseed
abomasnow,chillingwater
abomasnow,curse
abomasnow,doubleedge
abomasnow,earthpower
abomasnow,earthquake
abomasnow,endure
abomasnow,energyball
abomasnow,facade
abomasnow,fling
abomasnow,focusblast
abomasnow,focuspunch
abomasnow,frostbreath
abomasnow,gigadrain
abomasnow,gigaimpact
abomasnow,grassknot
abomasnow,grassyglide
abomasnow,growth
abomasnow,hardpress
abomasnow,helpinghand
abomasnow,hyperbeam
abomasnow,icebeam
abomasnow,icehammer
abomasnow,icepunch
abomasnow,iceshard
abomasnow,icespinner
abomasnow,iciclespear
abomasnow,icywind
abomasnow,ingrain
abomasnow,irontail
abomasnow,leafstorm
abomasnow,leechseed
abomasnow,lowkick
abomasnow,megakick
abomasnow,mudslap
abomasnow,outrage
abomasnow,protect
abomasnow,raindance
abomasnow,rest
abomasnow,rockslide
abomasnow,rocktomb
abomasnow,round
abomasnow,scaryface
abomasnow,seedbomb
abomasnow,shadowball
abomasnow,sheercold
abomasnow,sleeptalk
abomasnow,snore
abomasnow,snowscape
abomasnow,solarbeam
abomasnow,stompingtantrum
abomasnow,substitute
abomasnow,swagger
abomasnow,swordsdance
abomasnow,trailblaze
abomasnow,waterpulse
abomasnow,weatherball
abomasnow,woodhammer
weavile,aerialace
weavile,agility
weavile,assurance
weavile,avalanche
weavile,batonpass
weavile,beatup
weavile,bite
weavile,blizzard
weavile,brickbreak
weavile,calmmind
weavile,chillingwater
weavile,counter
weavile,darkpulse
weavile,dig
weavile,doublehit
weavile,endure
weavile,facade
weavile,fakeout
weavile,faketears
weavile,feint
weavile,fling
weavile,focusblast
weavile,focuspunch
weavile,foulplay
weavile,gigaimpact
weavile,helpinghand
weavile,hyperbeam
weavile,icebeam
weavile,icepunch
weavile,iceshard
weavile,icespinner
weavile,iciclecrash
weavile,iciclespear
weavile,icywind
weavile,knockoff
weavile,lashout
weavile,lowkick
weavile,lowsweep
weavile,megakick
weavile,nastyplot
weavile,nightslash
weavile,payback
weavile,poisonjab
weavile,protect
weavile,psychocut
weavile,quickattack
weavile,raindance
weavile,reflect
weavile,rest
weavile,reversal
weavile,round
weavile,scaryface
weavile,screech
weavile,shadowball
weavile,shadowclaw
weavile,slash
weavile,sleeptalk
weavile,snarl
weavile,snore
weavile,snowscape
weavile,spite
weavile,substitute
weavile,sunnyday
weavile,surf
weavile,swordsdance
weavile,taunt
weavile,thief
weavile,throatchop
weavile,trailblaze
weavile,tripleaxel
weavile,upperhand
weavile,waterpulse
weavile,xscissor
rhyperior,avalanche
rhyperior,blizzard
rhyperior,bodypress
rhyperior,bodyslam
rhyperior,breakingswipe
rhyperior,brickbreak
rhyperior,brutalswing
rhyperior,bulldoze
rhyperior,counter
rhyperior,crunch
rhyperior,curse
rhyperior,dig
rhyperior,doubleedge
rhyperior,dragonpulse
rhyperior,dragonrush
rhyperior,dragontail
rhyperior,drillrun
rhyperior,earthpower
rhyperior,earthquake
rhyperior,endeavor
rhyperior,endure
rhyperior,facade
rhyperior,fireblast
rhyperior,firefang
rhyperior,firepunch
rhyperior,flamethrower
rhyperior,flashcannon
rhyperior,fling
rhyperior,focusblast
rhyperior,focuspunch
rhyperior,gigaimpact
rhyperior,guardsplit
rhyperior,hammerarm
rhyperior,heatcrash
rhyperior,heavyslam
rhyperior,helpinghand
rhyperior,highhorsepower
rhyperior,horndrill
rhyperior,hydropump
rhyperior,hyperbeam
rhyperior,icebeam
rhyperior,icefang
rhyperior,icepunch
rhyperior,icywind
rhyperior,irondefense
rhyperior,ironhead
rhyperior,irontail
rhyperior,megahorn
rhyperior,megakick
rhyperior,metalburst
rhyperior,meteorbeam
rhyperior,mudshot
rhyperior,mudslap
rhyperior,outrage
rhyperior,payback
rhyperior,poisonjab
rhyperior,protect
rhyperior,raindance
rhyperior,rest
rhyperior,reversal
rhyperior,roar
rhyperior,rockblast
rhyperior,rockpolish
rhyperior,rockslide
rhyperior,rocktomb
rhyperior,rockwrecker
rhyperior,round
rhyperior,sandstorm
rhyperior,scaryface
rhyperior,scorchingsands
rhyperior,shadowclaw
rhyperior,sleeptalk
rhyperior,smackdown
rhyperior,smartstrike
rhyperior,snore
rhyperior,stealthrock
rhyperior,stompingtantrum
rhyperior,stoneedge
rhyperior,substitute
rhyperior,sunnyday
rhyperior,supercellslam
rhyperior,superpower
rhyperior,surf
rhyperior,swordsdance
rhyperior,temperflare
rhyperior,thief
rhyperior,thunder
rhyperior,thunderbolt
rhyperior,thunderfang
rhyperior,thunderpunch
rhyperior,uproar
leafeon,aerialace
leafeon,alluringvoice
leafeon,babydolleyes
leafeon,batonpass
leafeon,bite
leafeon,bodyslam
leafeon,bulletseed
leafeon,calmmind
leafeon,charm
leafeon,copycat
leafeon,covet
leafeon,curse
leafeon,detect
leafeon,dig
leafeon,doubleedge
leafeon,endure
leafeon,energyball
leafeon,facade
leafeon,faketears
leafeon,flail
leafeon,focusenergy
leafeon,gigadrain
leafeon,gigaimpact
leafeon,grassknot
leafeon,grassyglide
leafeon,helpinghand
leafeon,hyperbeam
leafeon,hypervoice
leafeon,knockoff
leafeon,lastresort
leafeon,leafblade
leafeon,leafstorm
leafeon,leechseed
leafeon,mudshot
leafeon,mudslap
leafeon,protect
leafeon,quickattack
leafeon,raindance
leafeon,rest
leafeon,roar
leafeon,round
leafeon,seedbomb
leafeon,shadowball
leafeon,sleeptalk
leafeon,snore
leafeon,solarbeam
leafeon,solarblade
leafeon,storedpower
leafeon,substitute
leafeon,sunnyday
leafeon,swordsdance
leafeon,synthesis
leafeon,tickle
leafeon,trailblaze
leafeon,weatherball
leafeon,wish
leafeon,xscissor
leafeon,yawn
glaceon,alluringvoice
glaceon,avalanche
glaceon,babydolleyes
glaceon,batonpass
glaceon,bite
glaceon,blizzard
glaceon,bodyslam
glaceon,calmmind
glaceon,charm
glaceon,chillingwater
glaceon,copycat
glaceon,covet
glaceon,curse
glaceon,detect
glaceon,dig
glaceon,doubleedge
glaceon,endure
glaceon,facade
glaceon,faketears
glaceon,flail
glaceon,focusenergy
glaceon,freezedry
glaceon,frostbreath
glaceon,gigaimpact
glaceon,gravity
glaceon,haze
glaceon,helpinghand
glaceon,hyperbeam
glaceon,hypervoice
glaceon,icebeam
glaceon,icefang
glaceon,iceshard
glaceon,iciclespear
glaceon,icywind
glaceon,lastresort
glaceon,mirrorcoat
glaceon,mudshot
glaceon,mudslap
glaceon,protect
glaceon,quickattack
glaceon,raindance
glaceon,rest
glaceon,roar
glaceon,round
glaceon,shadowball
glaceon,sleeptalk
glaceon,snore
glaceon,snowscape
glaceon,storedpower
glaceon,substitute
glaceon,sunnyday
glaceon,tickle
glaceon,trailblaze
glaceon,tripleaxel
glaceon,waterpulse
glaceon,weatherball
glaceon,wish
glaceon,yawn
gliscor,acrobatics
gliscor,aerialace
gliscor,agility
gliscor,assurance
gliscor,attract
gliscor,batonpass
gliscor,breakingswipe
gliscor,brickbreak
gliscor,brutalswing
gliscor,bulldoze
gliscor,counter
gliscor,crabhammer
gliscor,crosspoison
gliscor,crunch
gliscor,darkpulse
gliscor,dig
gliscor,doubleedge
gliscor,dualwingbeat
gliscor,earthpower
gliscor,earthquake
gliscor,endure
gliscor,facade
gliscor,feint
gliscor,firefang
gliscor,fling
gliscor,gigaimpact
gliscor,gunkshot
gliscor,highhorsepower
gliscor,hyperbeam
gliscor,icefang
gliscor,irontail
gliscor,knockoff
gliscor,lunge
gliscor,mudshot
gliscor,mudslap
gliscor,nightslash
gliscor,payback
gliscor,pinmissile
gliscor,poisonjab
gliscor,powerwhip
gliscor,protect
gliscor,psychicfangs
gliscor,quickattack
gliscor,raindance
gliscor,rest
gliscor,rockslide
gliscor,rocktomb
gliscor,round
gliscor,sandstorm
gliscor,sandtomb
gliscor,scaleshot
gliscor,scaryface
gliscor,screech
gliscor,skittersmack
gliscor,slash
gliscor,sleeptalk
gliscor,sludgebomb
gliscor,snore
gliscor,spikes
gliscor,stealthrock
gliscor,steelwing
gliscor,stoneedge
gliscor,strugglebug
gliscor,substitute
gliscor,sunnyday
gliscor,swordsdance
gliscor,tailwind
gliscor,thief
gliscor,throatchop
gliscor,thunderfang
gliscor,toxic
gliscor,toxicspikes
gliscor,uturn
gliscor,venoshock
gliscor,xscissor
mamoswine,amnesia
mamoswine,ancientpower
mamoswine,attract
mamoswine,avalanche
mamoswine,bite
mamoswine,blizzard
mamoswine,bodypress
mamoswine,bodyslam
mamoswine,bulldoze
mamoswine,charm
mamoswine,curse
mamoswine,dig
mamoswine,doubleedge
mamoswine,doublehit
mamoswine,earthpower
mamoswine,earthquake
mamoswine,endeavor
mamoswine,endure
mamoswine,facade
mamoswine,fissure
mamoswine,flail
mamoswine,freezedry
mamoswine,gigaimpact
mamoswine,hardpress
mamoswine,haze
mamoswine,heavyslam
mamoswine,highhorsepower
mamoswine,hyperbeam
mamoswine,icebeam
mamoswine,icefang
mamoswine,iceshard
mamoswine,iciclecrash
mamoswine,iciclespear
mamoswine,icywind
mamoswine,ironhead
mamoswine,knockoff
mamoswine,mudshot
mamoswine,mudslap
mamoswine,protect
mamoswine,raindance
mamoswine,reflect
mamoswine,rest
mamoswine,reversal
mamoswine,roar
mamoswine,rockblast
mamoswine,rockslide
mamoswine,rocktomb
mamoswine,round
mamoswine,sandstorm
mamoswine,sandtomb
mamoswine,scaryface
mamoswine,sleeptalk
mamoswine,smackdown
mamoswine,snore
mamoswine,snowscape
mamoswine,stealthrock
mamoswine,stompingtantrum
mamoswine,stoneedge
mamoswine,substitute
mamoswine,superpower
mamoswine,thrash
mamoswine,throatchop
mamoswine,trailblaze
gallade,aerialace
gallade,agility
gallade,airslash
gallade,alluringvoice
gallade,aquacutter
gallade,aurasphere
gallade,bodyslam
gallade,brickbreak
gallade,bulkup
gallade,bulldoze
gallade,calmmind
gallade,chargebeam
gallade,charm
gallade,closecombat
gallade,coaching
gallade,confuseray
gallade,dazzlinggleam
gallade,destinybond
gallade,disable
gallade,doubleteam
gallade,drainingkiss
gallade,drainpunch
gallade,earthquake
gallade,encore
gallade,endure
gallade,energyball
gallade,expandingforce
gallade,facade
gallade,feint
gallade,firepunch
gallade,fling
gallade,focusblast
gallade,focuspunch
gallade,futuresight
gallade,gigaimpact
gallade,grassknot
gallade,healpulse
gallade,helpinghand
gallade,hex
gallade,hyperbeam
gallade,hypervoice
gallade,hypnosis
gallade,icepunch
gallade,icywind
gallade,imprison
gallade,knockoff
gallade,leafblade
gallade,lifedew
gallade,lightscreen
gallade,lowkick
gallade,lowsweep
gallade,magicroom
gallade,meanlook
gallade,megakick
gallade,memento
gallade,mistyterrain
gallade,mysticalfire
gallade,nightshade
gallade,nightslash
gallade,painsplit
gallade,poisonjab
gallade,protect
gallade,psychic
gallade,psychicterrain
gallade,psychocut
gallade,psychup
gallade,psyshock
gallade,quickguard
gallade,raindance
gallade,reflect
gallade,rest
gallade,reversal
gallade,rockslide
gallade,rocktomb
gallade,round
gallade,sacredsword
gallade,safeguard
gallade,shadowball
gallade,shadowclaw
gallade,shadowsneak
gallade,skillswap
gallade,slash
gallade,sleeptalk
gallade,snore
gallade,solarblade
gallade,stoneedge
gallade,storedpower
gallade,substitute
gallade,sunnyday
gallade,swordsdance
gallade,taunt
gallade,thief
gallade,throatchop
gallade,thunderbolt
gallade,thunderpunch
gallade,thunderwave
gallade,trick
gallade,trickroom
gallade,tripleaxel
gallade,upperhand
gallade,vacuumwave
gallade,wideguard
gallade,willowisp
gallade,wonderroom
gallade,xscissor
gallade,zenheadbutt
froslass,auroraveil
froslass,avalanche
froslass,bite
froslass,blizzard
froslass,block
froslass,bodyslam
froslass,charm
froslass,chillingwater
froslass,confuseray
froslass,crunch
froslass,curse
froslass,destinybond
froslass,disable
froslass,doubleteam
froslass,drainingkiss
froslass,endure
froslass,facade
froslass,faketears
froslass,fling
froslass,frostbreath
froslass,gigaimpact
froslass,haze
froslass,helpinghand
froslass,hex
froslass,hyperbeam
froslass,icebeam
froslass,icefang
froslass,icepunch
froslass,iceshard
froslass,icespinner
froslass,iciclecrash
froslass,iciclespear
froslass,icywind
froslass,imprison
froslass,lightscreen
froslass,nastyplot
froslass,nightshade
froslass,painsplit
froslass,payback
froslass,phantomforce
froslass,poltergeist
froslass,protect
froslass,psychic
froslass,psychup
froslass,raindance
froslass,reflect
froslass,rest
froslass,round
froslass,safeguard
froslass,scaryface
froslass,shadowball
froslass,sleeptalk
froslass,snore
froslass,snowscape
froslass,spikes
froslass,spite
froslass,substitute
froslass,switcheroo
froslass,taunt
froslass,thunder
froslass,thunderbolt
froslass,thunderwave
froslass,trailblaze
froslass,trick
froslass,tripleaxel
froslass,waterpulse
froslass,weatherball
froslass,willowisp
rotom,charge
rotom,chargebeam
rotom,confuseray
rotom,darkpulse
rotom,discharge
rotom,doubleteam
rotom,eerieimpulse
rotom,electricterrain
rotom,electroball
rotom,electroweb
rotom,endure
rotom,facade
rotom,foulplay
rotom,helpinghand
rotom,hex
rotom,hypervoice
rotom,lightscreen
rotom,nastyplot
rotom,nightshade
rotom,painsplit
rotom,poltergeist
rotom,protect
rotom,raindance
rotom,reflect
rotom,rest
rotom,risingvoltage
rotom,round
rotom,shadowball
rotom,sleeptalk
rotom,snore
rotom,spite
rotom,storedpower
rotom,substitute
rotom,sunnyday
rotom,thief
rotom,thunder
rotom,thunderbolt
rotom,thunderwave
rotom,trick
rotom,uproar
rotom,voltswitch
rotom,willowisp
rotomheat,charge
rotomheat,chargebeam
rotomheat,confuseray
rotomheat,darkpulse
rotomheat,discharge
rotomheat,doubleteam
rotomheat,eerieimpulse
rotomheat,electricterrain
rotomheat,electroball
rotomheat,electroweb
rotomheat,endure
rotomheat,facade
rotomheat,foulplay
rotomheat,helpinghand
rotomheat,hex
rotomheat,hypervoice
rotomheat,lightscreen
rotomheat,nastyplot
rotomheat,nightshade
rotomheat,overheat
rotomheat,painsplit
rotomheat,poltergeist
rotomheat,protect
rotomheat,raindance
rotomheat,reflect
rotomheat,rest
rotomheat,risingvoltage
rotomheat,round
rotomheat,shadowball
rotomheat,sleeptalk
rotomheat,snore
rotomheat,spite
rotomheat,storedpower
rotomheat,substitute
rotomheat,sunnyday
rotomheat,thief
rotomheat,thunder
rotomheat,thunderbolt
rotomheat,thunderwave
rotomheat,trick
rotomheat,uproar
rotomheat,voltswitch
rotomheat,willowisp
rotomwash,charge
rotomwash,chargebeam
rotomwash,confuseray
rotomwash,darkpulse
rotomwash,discharge
rotomwash,doubleteam
rotomwash,eerieimpulse
rotomwash,electricterrain
rotomwash,electroball
rotomwash,electroweb
rotomwash,endure
rotomwash,facade
rotomwash,foulplay
rotomwash,helpinghand
rotomwash,hex
rotomwash,hydropump
rotomwash,hypervoice
rotomwash,lightscreen
rotomwash,nastyplot
rotomwash,nightshade
rotomwash,painsplit
rotomwash,poltergeist
rotomwash,protect
rotomwash,raindance
rotomwash,reflect
rotomwash,rest
rotomwash,risingvoltage
rotomwash,round
rotomwash,shadowball
rotomwash,sleeptalk
rotomwash,snore
rotomwash,spite
rotomwash,storedpower
rotomwash,substitute
rotomwash,sunnyday
rotomwash,thief
rotomwash,thunder
rotomwash,thunderbolt
rotomwash,thunderwave
rotomwash,trick
rotomwash,uproar
rotomwash,voltswitch
rotomwash,willowisp
rotomfrost,blizzard
rotomfrost,charge
rotomfrost,chargebeam
rotomfrost,confuseray
rotomfrost,darkpulse
rotomfrost,discharge
rotomfrost,doubleteam
rotomfrost,eerieimpulse
rotomfrost,electricterrain
rotomfrost,electroball
rotomfrost,electroweb
rotomfrost,endure
rotomfrost,facade
rotomfrost,foulplay
rotomfrost,helpinghand
rotomfrost,hex
rotomfrost,hypervoice
rotomfrost,lightscreen
rotomfrost,nastyplot
rotomfrost,nightshade
rotomfrost,painsplit
rotomfrost,poltergeist
rotomfrost,protect
rotomfrost,raindance
rotomfrost,reflect
rotomfrost,rest
rotomfrost,risingvoltage
rotomfrost,round
rotomfrost,shadowball
rotomfrost,sleeptalk
rotomfrost,snore
rotomfrost,spite
rotomfrost,storedpower
rotomfrost,substitute
rotomfrost,sunnyday
rotomfrost,thief
rotomfrost,thunder
rotomfrost,thunderbolt
rotomfrost,thunderwave
rotomfrost,trick
rotomfrost,uproar
rotomfrost,voltswitch
rotomfrost,willowisp
rotomfan,airslash
rotomfan,charge
rotomfan,chargebeam
rotomfan,confuseray
rotomfan,darkpulse
rotomfan,discharge
rotomfan,doubleteam
rotomfan,eerieimpulse
rotomfan,electricterrain
rotomfan,electroball
rotomfan,electroweb
rotomfan,endure
rotomfan,facade
rotomfan,foulplay
rotomfan,helpinghand
rotomfan,hex
rotomfan,hypervoice
rotomfan,lightscreen
rotomfan,nastyplot
rotomfan,nightshade
rotomfan,painsplit
rotomfan,poltergeist
rotomfan,protect
rotomfan,raindance
rotomfan,reflect
rotomfan,rest
rotomfan,risingvoltage
rotomfan,round
rotomfan,shadowball
rotomfan,sleeptalk
rotomfan,snore
rotomfan,spite
rotomfan,storedpower
rotomfan,substitute
rotomfan,sunnyday
rotomfan,thief
rotomfan,thunder
rotomfan,thunderbolt
rotomfan,thunderwave
rotomfan,trick
rotomfan,uproar
rotomfan,voltswitch
rotomfan,willowisp
rotommow,charge
rotommow,chargebeam
rotommow,confuseray
rotommow,darkpulse
rotommow,discharge
rotommow,doubleteam
rotommow,eerieimpulse
rotommow,electricterrain
rotommow,electroball
rotommow,electroweb
rotommow,endure
rotommow,facade
rotommow,foulplay
rotommow,helpinghand
rotommow,hex
rotommow,hypervoice
rotommow,leafstorm
rotommow,lightscreen
rotommow,nastyplot
rotommow,nightshade
rotommow,painsplit
rotommow,poltergeist
rotommow,protect
rotommow,raindance
rotommow,reflect
rotommow,rest
rotommow,risingvoltage
rotommow,round
rotommow,shadowball
rotommow,sleeptalk
rotommow,snore
rotommow,spite
rotommow,storedpower
rotommow,substitute
rotommow,sunnyday
rotommow,thief
rotommow,thunder
rotommow,thunderbolt
rotommow,thunderwave
rotommow,trick
rotommow,uproar
rotommow,voltswitch
rotommow,willowisp
serperior,aerialace
serperior,attract
serperior,bodyslam
serperior,breakingswipe
serperior,brutalswing
serperior,bulletseed
serperior,calmmind
serperior,coil
serperior,doubleedge
serperior,dragonpulse
serperior,dragontail
serperior,endure
serperior,energyball
serperior,facade
serperior,frenzyplant
serperior,gastroacid
serperior,gigadrain
serperior,gigaimpact
serperior,glare
serperior,grassknot
serperior,grassyglide
serperior,grassyterrain
serperior,growth
serperior,helpinghand
serperior,hyperbeam
serperior,irontail
serperior,knockoff
serperior,leafblade
serperior,leafstorm
serperior,leechseed
serperior,lightscreen
serperior,meanlook
serperior,mirrorcoat
serperior,outrage
serperior,petalblizzard
serperior,protect
serperior,reflect
serperior,rest
serperior,round
serperior,scaleshot
serperior,scaryface
serperior,seedbomb
serperior,sleeptalk
serperior,snore
serperior,solarbeam
serperior,substitute
serperior,sunnyday
serperior,sweetscent
serperior,swordsdance
serperior,synthesis
serperior,taunt
serperior,trailblaze
serperior,wrap
emboar,assurance
emboar,blastburn
emboar,bodypress
emboar,bodyslam
emboar,brickbreak
emboar,bulkup
emboar,bulldoze
emboar,burnup
emboar,closecombat
emboar,coaching
emboar,curse
emboar,dig
emboar,doubleedge
emboar,drainpunch
emboar,earthquake
emboar,endeavor
emboar,endure
emboar,facade
emboar,fireblast
emboar,firepunch
emboar,firespin
emboar,flamecharge
emboar,flamethrower
emboar,flareblitz
emboar,fling
emboar,focusblast
emboar,focusenergy
emboar,focuspunch
emboar,gigaimpact
emboar,grassknot
emboar,gyroball
emboar,hammerarm
emboar,hardpress
emboar,headsmash
emboar,heatcrash
emboar,heatwave
emboar,heavyslam
emboar,helpinghand
emboar,highhorsepower
emboar,hyperbeam
emboar,ironhead
emboar,irontail
emboar,knockoff
emboar,lowkick
emboar,lowsweep
emboar,mudslap
emboar,overheat
emboar,poisonjab
emboar,protect
emboar,rest
emboar,reversal
emboar,roar
emboar,rockslide
emboar,rocktomb
emboar,round
emboar,scald
emboar,scaryface
emboar,scorchingsands
emboar,sleeptalk
emboar,smackdown
emboar,snore
emboar,solarbeam
emboar,solarblade
emboar,stompingtantrum
emboar,stoneedge
emboar,stormthrow
emboar,substitute
emboar,suckerpunch
emboar,sunnyday
emboar,superpower
emboar,taunt
emboar,temperflare
emboar,thrash
emboar,thunderpunch
emboar,trailblaze
emboar,wildcharge
emboar,willowisp
emboar,yawn
emboar,zenheadbutt
samurott,aerialace
samurott,airslash
samurott,aquacutter
samurott,aquajet
samurott,aquatail
samurott,assurance
samurott,avalanche
samurott,blizzard
samurott,bodyslam
samurott,brickbreak
samurott,bulldoze
samurott,chillingwater
samurott,copycat
samurott,detect
samurott,dig
samurott,dive
samurott,drillrun
samurott,encore
samurott,endure
samurott,facade
samurott,fling
samurott,flipturn
samurott,focusenergy
samurott,gigaimpact
samurott,grassknot
samurott,helpinghand
samurott,hydrocannon
samurott,hydropump
samurott,hyperbeam
samurott,icebeam
samurott,icywind
samurott,irontail
samurott,knockoff
samurott,liquidation
samurott,megahorn
samurott,nightslash
samurott,protect
samurott,raindance
samurott,razorshell
samurott,rest
samurott,round
samurott,sacredsword
samurott,scaryface
samurott,screech
samurott,slash
samurott,sleeptalk
samurott,smartstrike
samurott,snore
samurott,snowscape
samurott,soak
samurott,substitute
samurott,superpower
samurott,surf
samurott,swordsdance
samurott,taunt
samurott,thief
samurott,upperhand
samurott,vacuumwave
samurott,waterfall
samurott,waterpulse
samurott,whirlpool
samurott,xscissor
samurotthisui,aerialace
samurotthisui,airslash
samurotthisui,aquacutter
samurotthisui,aquajet
samurotthisui,aquatail
samurotthisui,assurance
samurotthisui,avalanche
samurotthisui,blizzard
samurotthisui,bodyslam
samurotthisui,brickbreak
samurotthisui,bulldoze
samurotthisui,ceaselessedge
samurotthisui,chillingwater
samurotthisui,copycat
samurotthisui,darkpulse
samurotthisui,detect
samurotthisui,dig
samurotthisui,dive
samurotthisui,drillrun
samurotthisui,encore
samurotthisui,endure
samurotthisui,facade
samurotthisui,fling
samurotthisui,flipturn
samurotthisui,focusenergy
samurotthisui,gigaimpact
samurotthisui,grassknot
samurotthisui,helpinghand
samurotthisui,hydrocannon
samurotthisui,hydropump
samurotthisui,hyperbeam
samurotthisui,icebeam
samurotthisui,icywind
samurotthisui,irontail
samurotthisui,knockoff
samurotthisui,lashout
samurotthisui,liquidation
samurotthisui,megahorn
samurotthisui,nightslash
samurotthisui,protect
samurotthisui,raindance
samurotthisui,razorshell
samurotthisui,rest
samurotthisui,round
samurotthisui,sacredsword
samurotthisui,scaryface
samurotthisui,screech
samurotthisui,slash
samurotthisui,sleeptalk
samurotthisui,smartstrike
samurotthisui,snarl
samurotthisui,snore
samurotthisui,snowscape
samurotthisui,soak
samurotthisui,substitute
samurotthisui,suckerpunch
samurotthisui,superpower
samurotthisui,surf
samurotthisui,swordsdance
samurotthisui,taunt
samurotthisui,thief
samurotthisui,throatchop
samurotthisui,upperhand
samurotthisui,vacuumwave
samurotthisui,waterfall
samurotthisui,waterpulse
samurotthisui,whirlpool
samurotthisui,xscissor
watchog,afteryou
watchog,assurance
watchog,attract
watchog,batonpass
watchog,bite
watchog,bulletseed
watchog,confuseray
watchog,crunch
watchog,detect
watchog,dig
watchog,doubleedge
watchog,endure
watchog,facade
watchog,firepunch
watchog,flamethrower
watchog,fling
watchog,focusblast
watchog,focusenergy
watchog,gigaimpact
watchog,grassknot
watchog,gunkshot
watchog,helpinghand
watchog,hyperbeam
watchog,hypnosis
watchog,icepunch
watchog,irontail
watchog,lightscreen
watchog,lowkick
watchog,meanlook
watchog,mudshot
watchog,nastyplot
watchog,protect
watchog,psychup
watchog,raindance
watchog,rest
watchog,round
watchog,screech
watchog,seedbomb
watchog,shadowball
watchog,sleeptalk
watchog,snore
watchog,stompingtantrum
watchog,substitute
watchog,sunnyday
watchog,superfang
watchog,swordsdance
watchog,thunder
watchog,thunderbolt
watchog,thunderpunch
watchog,thunderwave
watchog,trailblaze
watchog,zenheadbutt
liepard,assurance
liepard,attract
liepard,batonpass
liepard,bite
liepard,burningjealousy
liepard,charm
liepard,copycat
liepard,covet
liepard,crunch
liepard,darkpulse
liepard,doubleteam
liepard,encore
liepard,endure
liepard,facade
liepard,fakeout
liepard,faketears
liepard,firefang
liepard,foulplay
liepard,gigaimpact
liepard,grassknot
liepard,gunkshot
liepard,hyperbeam
liepard,hypervoice
liepard,icefang
liepard,irontail
liepard,knockoff
liepard,lashout
liepard,nastyplot
liepard,nightslash
liepard,payback
liepard,playrough
liepard,protect
liepard,psychicfangs
liepard,psychocut
liepard,quickattack
liepard,raindance
liepard,rest
liepard,round
liepard,screech
liepard,seedbomb
liepard,shadowball
liepard,shadowclaw
liepard,skittersmack
liepard,slash
liepard,sleeptalk
liepard,snarl
liepard,snore
liepard,substitute
liepard,suckerpunch
liepard,sunnyday
liepard,swagger
liepard,taunt
liepard,thief
liepard,throatchop
liepard,thunderfang
liepard,thunderwave
liepard,torment
liepard,trailblaze
liepard,trick
liepard,uturn
liepard,yawn
simisage,acrobatics
simisage,attract
simisage,belch
simisage,bite
simisage,brickbreak
simisage,bulletseed
simisage,crunch
simisage,dig
simisage,endure
simisage,energyball
simisage,facade
simisage,fakeout
simisage,fling
simisage,focusblast
simisage,gigadrain
simisage,gigaimpact
simisage,grassknot
simisage,grassyglide
simisage,gunkshot
simisage,helpinghand
simisage,hyperbeam
simisage,irontail
simisage,leafstorm
simisage,leechseed
simisage,lowkick
simisage,lowsweep
simisage,nastyplot
simisage,payback
simisage,protect
simisage,recycle
simisage,rest
simisage,rockslide
simisage,rocktomb
simisage,round
simisage,seedbomb
simisage,shadowclaw
simisage,sleeptalk
simisage,snore
simisage,solarbeam
simisage,solarblade
simisage,stuffcheeks
simisage,substitute
simisage,sunnyday
simisage,superpower
simisage,taunt
simisage,thief
simisage,throatchop
simisage,torment
simisage,trailblaze
simisage,uproar
simisear,acrobatics
simisear,amnesia
simisear,attract
simisear,belch
simisear,bite
simisear,blazekick
simisear,brickbreak
simisear,burningjealousy
simisear,crunch
simisear,dig
simisear,endure
simisear,facade
simisear,fakeout
simisear,fireblast
simisear,firepunch
simisear,firespin
simisear,flamecharge
simisear,flamethrower
simisear,flareblitz
simisear,fling
simisear,focusblast
simisear,gigaimpact
simisear,grassknot
simisear,gunkshot
simisear,heatwave
simisear,helpinghand
simisear,hyperbeam
simisear,irontail
simisear,lowkick
simisear,lowsweep
simisear,nastyplot
simisear,overheat
simisear,payback
simisear,protect
simisear,recycle
simisear,rest
simisear,rockslide
simisear,rocktomb
simisear,round
simisear,scorchingsands
simisear,shadowclaw
simisear,sleeptalk
simisear,snore
simisear,solarbeam
simisear,stuffcheeks
simisear,substitute
simisear,sunnyday
simisear,superpower
simisear,taunt
simisear,temperflare
simisear,thief
simisear,throatchop
simisear,uproar
simisear,willowisp
simisear,yawn
simipour,acrobatics
simipour,aquaring
simipour,attract
simipour,belch
simipour,bite
simipour,blizzard
simipour,brickbreak
simipour,chillingwater
simipour,crunch
simipour,dig
simipour,dive
simipour,endure
simipour,facade
simipour,fakeout
simipour,fling
simipour,flipturn
simipour,focusblast
simipour,gigaimpact
simipour,grassknot
simipour,gunkshot
simipour,helpinghand
simipour,hydropump
simipour,hyperbeam
simipour,icebeam
simipour,icepunch
simipour,icywind
simipour,irontail
simipour,liquidation
simipour,lowkick
simipour,lowsweep
simipour,nastyplot
simipour,payback
simipour,protect
simipour,raindance
simipour,recycle
simipour,rest
simipour,rockslide
simipour,rocktomb
simipour,round
simipour,scald
simipour,shadowclaw
simipour,sleeptalk
simipour,snore
simipour,stuffcheeks
simipour,substitute
simipour,superpower
simipour,surf
simipour,taunt
simipour,thief
simipour,throatchop
simipour,uproar
simipour,waterfall
musharna,allyswitch
musharna,amnesia
musharna,attract
musharna,calmmind
musharna,chargebeam
musharna,charm
musharna,curse
musharna,dazzlinggleam
musharna,doubleteam
musharna,endure
musharna,energyball
musharna,expandingforce
musharna,facade
musharna,futuresight
musharna,gigaimpact
musharna,guardswap
musharna,gyroball
musharna,healingwish
musharna,helpinghand
musharna,hyperbeam
musharna,hypnosis
musharna,imprison
musharna,lightscreen
musharna,mistyexplosion
musharna,moonblast
musharna,moonlight
musharna,powerswap
musharna,protect
musharna,psychic
musharna,psychicterrain
musharna,psyshock
musharna,raindance
musharna,reflect
musharna,rest
musharna,rockslide
musharna,rocktomb
musharna,round
musharna,safeguard
musharna,shadowball
musharna,skillswap
musharna,sleeptalk
musharna,snore
musharna,storedpower
musharna,substitute
musharna,thunderwave
musharna,trick
musharna,trickroom
musharna,wonderroom
musharna,yawn
musharna,zenheadbutt
excadrill,aerialace
excadrill,bodyslam
excadrill,brickbreak
excadrill,brutalswing
excadrill,bulldoze
excadrill,crushclaw
excadrill,curse
excadrill,dig
excadrill,doubleedge
excadrill,drillrun
excadrill,earthpower
excadrill,earthquake
excadrill,endure
excadrill,facade
excadrill,fissure
excadrill,fling
excadrill,focusblast
excadrill,gigaimpact
excadrill,helpinghand
excadrill,highhorsepower
excadrill,horndrill
excadrill,hyperbeam
excadrill,irondefense
excadrill,ironhead
excadrill,megahorn
excadrill,metalsound
excadrill,mudshot
excadrill,mudslap
excadrill,poisonjab
excadrill,protect
excadrill,rapidspin
excadrill,rest
excadrill,rockblast
excadrill,rockslide
excadrill,rocktomb
excadrill,round
excadrill,sandstorm
excadrill,sandtomb
excadrill,scaryface
excadrill,scorchingsands
excadrill,shadowclaw
excadrill,slash
excadrill,sleeptalk
excadrill,sludgebomb
excadrill,smartstrike
excadrill,snore
excadrill,stealthrock
excadrill,steelbeam
excadrill,stompingtantrum
excadrill,substitute
excadrill,sunnyday
excadrill,swordsdance
excadrill,throatchop
excadrill,xscissor
audino,afteryou
audino,allyswitch
audino,amnesia
audino,attract
audino,babydolleyes
audino,blizzard
audino,bodyslam
audino,calmmind
audino,chillingwater
audino,dazzlinggleam
audino,dig
audino,doubleedge
audino,drainingkiss
audino,drainpunch
audino,encore
audino,endure
audino,entrainment
audino,facade
audino,fireblast
audino,firepunch
audino,flamethrower
audino,fling
audino,gigaimpact
audino,grassknot
audino,healingwish
audino,healpulse
audino,helpinghand
audino,hyperbeam
audino,hypervoice
audino,icebeam
audino,icepunch
audino,icywind
audino,irontail
audino,lastresort
audino,lifedew
audino,lightscreen
audino,lowkick
audino,megakick
audino,mistyterrain
audino,protect
audino,psychic
audino,psyshock
audino,raindance
audino,reflect
audino,rest
audino,round
audino,safeguard
audino,shadowball
audino,simplebeam
audino,skillswap
audino,sleeptalk
audino,snore
audino,solarbeam
audino,stompingtantrum
audino,substitute
audino,sunnyday
audino,surf
audino,sweetkiss
audino,throatchop
audino,thunder
audino,thunderbolt
audino,thunderpunch
audino,thunderwave
audino,trickroom
audino,uproar
audino,wildcharge
audino,wish
audino,yawn
audino,zenheadbutt
conkeldurr,attract
conkeldurr,bodyslam
conkeldurr,brickbreak
conkeldurr,brutalswing
conkeldurr,bulkup
conkeldurr,bulldoze
conkeldurr,closecombat
conkeldurr,coaching
conkeldurr,counter
conkeldurr,curse
conkeldurr,defog
conkeldurr,detect
conkeldurr,dig
conkeldurr,doubleedge
conkeldurr,drainpunch
conkeldurr,dynamicpunch
conkeldurr,earthquake
conkeldurr,endure
conkeldurr,facade
conkeldurr,firepunch
conkeldurr,fling
conkeldurr,focusblast
conkeldurr,focusenergy
conkeldurr,focuspunch
conkeldurr,gigaimpact
conkeldurr,grassknot
conkeldurr,hammerarm
conkeldurr,hardpress
conkeldurr,helpinghand
conkeldurr,highhorsepower
conkeldurr,hyperbeam
conkeldurr,icepunch
conkeldurr,knockoff
conkeldurr,lowkick
conkeldurr,lowsweep
conkeldurr,machpunch
conkeldurr,megakick
conkeldurr,payback
conkeldurr,poisonjab
conkeldurr,protect
conkeldurr,raindance
conkeldurr,rest
conkeldurr,reversal
conkeldurr,rockblast
conkeldurr,rockslide
conkeldurr,rocktomb
conkeldurr,round
conkeldurr,scaryface
conkeldurr,sleeptalk
conkeldurr,smackdown
conkeldurr,snore
conkeldurr,stompingtantrum
conkeldurr,stoneedge
conkeldurr,substitute
conkeldurr,sunnyday
conkeldurr,superpower
conkeldurr,taunt
conkeldurr,thief
conkeldurr,thunderpunch
conkeldurr,upperhand
conkeldurr,wideguard
scolipede,acidspray
scolipede,agility
scolipede,assurance
scolipede,attract
scolipede,batonpass
scolipede,bite
scolipede,bugbite
scolipede,bulldoze
scolipede,crosspoison
scolipede,dig
scolipede,doubleedge
scolipede,doublehit
scolipede,earthquake
scolipede,endure
scolipede,facade
scolipede,gigaimpact
scolipede,gunkshot
scolipede,gyroball
scolipede,hex
scolipede,hyperbeam
scolipede,irondefense
scolipede,irontail
scolipede,leechlife
scolipede,megahorn
scolipede,payback
scolipede,pinmissile
scolipede,poisonjab
scolipede,pounce
scolipede,protect
scolipede,rest
scolipede,rockslide
scolipede,rocktomb
scolipede,round
scolipede,screech
scolipede,skittersmack
scolipede,sleeptalk
scolipede,sludgebomb
scolipede,smartstrike
scolipede,snore
scolipede,solarbeam
scolipede,spikes
scolipede,steelroller
scolipede,stompingtantrum
scolipede,substitute
scolipede,sunnyday
scolipede,superpower
scolipede,swordsdance
scolipede,throatchop
scolipede,toxic
scolipede,toxicspikes
scolipede,trailblaze
scolipede,venoshock
scolipede,xscissor
whimsicott,attract
whimsicott,beatup
whimsicott,charm
whimsicott,cottonguard
whimsicott,cottonspore
whimsicott,dazzlinggleam
whimsicott,encore
whimsicott,endeavor
whimsicott,endure
whimsicott,energyball
whimsicott,facade
whimsicott,faketears
whimsicott,fling
whimsicott,gigadrain
whimsicott,gigaimpact
whimsicott,grassknot
whimsicott,grassyglide
whimsicott,grassyterrain
whimsicott,growth
whimsicott,helpinghand
whimsicott,hurricane
whimsicott,hyperbeam
whimsicott,leechseed
whimsicott,lightscreen
whimsicott,memento
whimsicott,mistyterrain
whimsicott,moonblast
whimsicott,playrough
whimsicott,poisonpowder
whimsicott,protect
whimsicott,psychic
whimsicott,rest
whimsicott,round
whimsicott,safeguard
whimsicott,seedbomb
whimsicott,shadowball
whimsicott,sleeptalk
whimsicott,snore
whimsicott,solarbeam
whimsicott,stunspore
whimsicott,substitute
whimsicott,sunnyday
whimsicott,switcheroo
whimsicott,tailwind
whimsicott,taunt
whimsicott,thief
whimsicott,tickle
whimsicott,trickroom
whimsicott,uturn
whimsicott,worryseed
krookodile,aerialace
krookodile,aquatail
krookodile,assurance
krookodile,beatup
krookodile,bite
krookodile,bodyslam
krookodile,breakingswipe
krookodile,brickbreak
krookodile,brutalswing
krookodile,bulkup
krookodile,bulldoze
krookodile,closecombat
krookodile,counter
krookodile,crunch
krookodile,curse
krookodile,darkpulse
krookodile,dig
krookodile,doubleedge
krookodile,dragonclaw
krookodile,dragonpulse
krookodile,dragontail
krookodile,earthpower
krookodile,earthquake
krookodile,endeavor
krookodile,endure
krookodile,facade
krookodile,firefang
krookodile,fissure
krookodile,fling
krookodile,focusblast
krookodile,focusenergy
krookodile,focuspunch
krookodile,foulplay
krookodile,gigaimpact
krookodile,grassknot
krookodile,gunkshot
krookodile,helpinghand
krookodile,highhorsepower
krookodile,hyperbeam
krookodile,ironhead
krookodile,irontail
krookodile,knockoff
krookodile,lashout
krookodile,lowkick
krookodile,lowsweep
krookodile,megakick
krookodile,mudshot
krookodile,mudslap
krookodile,outrage
krookodile,payback
krookodile,powertrip
krookodile,protect
krookodile,rest
krookodile,roar
krookodile,rockslide
krookodile,rocktomb
krookodile,round
krookodile,sandstorm
krookodile,sandtomb
krookodile,scaleshot
krookodile,scaryface
krookodile,scorchingsands
krookodile,shadowclaw
krookodile,skittersmack
krookodile,sleeptalk
krookodile,sludgebomb
krookodile,smackdown
krookodile,snarl
krookodile,snore
krookodile,spite
krookodile,stealthrock
krookodile,stompingtantrum
krookodile,stoneedge
krookodile,substitute
krookodile,superpower
krookodile,swagger
krookodile,taunt
krookodile,thief
krookodile,thrash
krookodile,throatchop
krookodile,thunderfang
krookodile,torment
krookodile,uproar
scrafty,acidspray
scrafty,amnesia
scrafty,assurance
scrafty,beatup
scrafty,bodyslam
scrafty,brickbreak
scrafty,bulkup
scrafty,closecombat
scrafty,coaching
scrafty,counter
scrafty,crunch
scrafty,curse
scrafty,darkpulse
scrafty,detect
scrafty,dig
scrafty,doubleedge
scrafty,dragonclaw
scrafty,dragondance
scrafty,dragonpulse
scrafty,dragontail
scrafty,drainpunch
scrafty,dynamicpunch
scrafty,encore
scrafty,endeavor
scrafty,endure
scrafty,facade
scrafty,fakeout
scrafty,faketears
scrafty,firepunch
scrafty,fling
scrafty,focusblast
scrafty,focuspunch
scrafty,foulplay
scrafty,gigaimpact
scrafty,grassknot
scrafty,headsmash
scrafty,helpinghand
scrafty,highjumpkick
scrafty,hyperbeam
scrafty,icepunch
scrafty,irondefense
scrafty,ironhead
scrafty,irontail
scrafty,knockoff
scrafty,lashout
scrafty,lowkick
scrafty,lowsweep
scrafty,megakick
scrafty,outrage
scrafty,payback
scrafty,poisonjab
scrafty,protect
scrafty,quickguard
scrafty,raindance
scrafty,rest
scrafty,reversal
scrafty,roar
scrafty,rockslide
scrafty,rocktomb
scrafty,round
scrafty,scaryface
scrafty,sleeptalk
scrafty,sludgebomb
scrafty,smackdown
scrafty,snarl
scrafty,snore
scrafty,spite
scrafty,stoneedge
scrafty,substitute
scrafty,sunnyday
scrafty,superfang
scrafty,swagger
scrafty,swordsdance
scrafty,taunt
scrafty,thief
scrafty,throatchop
scrafty,thunderpunch
scrafty,torment
scrafty,trailblaze
scrafty,upperhand
scrafty,uproar
scrafty,zenheadbutt
cofagrigus,allyswitch
cofagrigus,attract
cofagrigus,bodypress
cofagrigus,calmmind
cofagrigus,confuseray
cofagrigus,curse
cofagrigus,darkpulse
cofagrigus,destinybond
cofagrigus,disable
cofagrigus,endure
cofagrigus,energyball
cofagrigus,facade
cofagrigus,faketears
cofagrigus,gigadrain
cofagrigus,gigaimpact
cofagrigus,grassknot
cofagrigus,guardsplit
cofagrigus,guardswap
cofagrigus,haze
cofagrigus,hex
cofagrigus,hyperbeam
cofagrigus,imprison
cofagrigus,irondefense
cofagrigus,meanlook
cofagrigus,memento
cofagrigus,nastyplot
cofagrigus,nightshade
cofagrigus,payback
cofagrigus,phantomforce
cofagrigus,poltergeist
cofagrigus,powersplit
cofagrigus,powerswap
cofagrigus,protect
cofagrigus,psychic
cofagrigus,raindance
cofagrigus,rest
cofagrigus,round
cofagrigus,safeguard
cofagrigus,scaryface
cofagrigus,selfdestruct
cofagrigus,shadowball
cofagrigus,shadowclaw
cofagrigus,shadowpunch
cofagrigus,skillswap
cofagrigus,sleeptalk
cofagrigus,snore
cofagrigus,substitute
cofagrigus,thief
cofagrigus,toxicspikes
cofagrigus,trick
cofagrigus,trickroom
cofagrigus,willowisp
cofagrigus,wonderroom
cofagrigus,zenheadbutt
garbodor,acidspray
garbodor,amnesia
garbodor,ancientpower
garbodor,attract
garbodor,belch
garbodor,bodypress
garbodor,bodyslam
garbodor,clearsmog
garbodor,corrosivegas
garbodor,crosspoison
garbodor,curse
garbodor,darkpulse
garbodor,drainpunch
garbodor,endure
garbodor,explosion
garbodor,facade
garbodor,fling
garbodor,focusblast
garbodor,gigadrain
garbodor,gigaimpact
garbodor,gunkshot
garbodor,haze
garbodor,hyperbeam
garbodor,mudshot
garbodor,painsplit
garbodor,payback
garbodor,poisonjab
garbodor,protect
garbodor,psychic
garbodor,raindance
garbodor,recycle
garbodor,rest
garbodor,rockblast
garbodor,round
garbodor,screech
garbodor,seedbomb
garbodor,selfdestruct
garbodor,sleeptalk
garbodor,sludgebomb
garbodor,sludgewave
garbodor,snore
garbodor,solarbeam
garbodor,spikes
garbodor,stockpile
garbodor,stompingtantrum
garbodor,substitute
garbodor,sunnyday
garbodor,swallow
garbodor,thief
garbodor,thunderbolt
garbodor,toxic
garbodor,toxicspikes
garbodor,venoshock
zoroark,aerialace
zoroark,agility
zoroark,assurance
zoroark,bodyslam
zoroark,bounce
zoroark,brickbreak
zoroark,burningjealousy
zoroark,calmmind
zoroark,confuseray
zoroark,counter
zoroark,crunch
zoroark,darkpulse
zoroark,detect
zoroark,dig
zoroark,encore
zoroark,endure
zoroark,extrasensory
zoroark,facade
zoroark,faketears
zoroark,flamethrower
zoroark,fling
zoroark,focusblast
zoroark,foulplay
zoroark,gigaimpact
zoroark,grassknot
zoroark,helpinghand
zoroark,hex
zoroark,hyperbeam
zoroark,hypervoice
zoroark,imprison
zoroark,knockoff
zoroark,lashout
zoroark,lowkick
zoroark,lowsweep
zoroark,megakick
zoroark,memento
zoroark,nastyplot
zoroark,nightdaze
zoroark,nightshade
zoroark,nightslash
zoroark,painsplit
zoroark,payback
zoroark,protect
zoroark,psychic
zoroark,psychup
zoroark,raindance
zoroark,rest
zoroark,roar
zoroark,round
zoroark,scaryface
zoroark,shadowball
zoroark,shadowclaw
zoroark,skittersmack
zoroark,sleeptalk
zoroark,sludgebomb
zoroark,snarl
zoroark,snore
zoroark,spite
zoroark,substitute
zoroark,suckerpunch
zoroark,sunnyday
zoroark,swordsdance
zoroark,taunt
zoroark,thief
zoroark,throatchop
zoroark,torment
zoroark,toxic
zoroark,trick
zoroark,uproar
zoroark,uturn
zoroarkhisui,aerialace
zoroarkhisui,agility
zoroarkhisui,assurance
zoroarkhisui,bittermalice
zoroarkhisui,bodyslam
zoroarkhisui,bounce
zoroarkhisui,brickbreak
zoroarkhisui,burningjealousy
zoroarkhisui,calmmind
zoroarkhisui,comeuppance
zoroarkhisui,confuseray
zoroarkhisui,crunch
zoroarkhisui,curse
zoroarkhisui,darkpulse
zoroarkhisui,detect
zoroarkhisui,dig
zoroarkhisui,endure
zoroarkhisui,extrasensory
zoroarkhisui,facade
zoroarkhisui,faketears
zoroarkhisui,flamethrower
zoroarkhisui,fling
zoroarkhisui,focusblast
zoroarkhisui,focuspunch
zoroarkhisui,foulplay
zoroarkhisui,gigaimpact
zoroarkhisui,grassknot
zoroarkhisui,helpinghand
zoroarkhisui,hex
zoroarkhisui,hyperbeam
zoroarkhisui,hypervoice
zoroarkhisui,icywind
zoroarkhisui,imprison
zoroarkhisui,knockoff
zoroarkhisui,lashout
zoroarkhisui,lowkick
zoroarkhisui,lowsweep
zoroarkhisui,megakick
zoroarkhisui,memento
zoroarkhisui,nastyplot
zoroarkhisui,nightshade
zoroarkhisui,painsplit
zoroarkhisui,payback
zoroarkhisui,phantomforce
zoroarkhisui,poltergeist
zoroarkhisui,protect
zoroarkhisui,psychic
zoroarkhisui,psychup
zoroarkhisui,raindance
zoroarkhisui,rest
zoroarkhisui,roar
zoroarkhisui,round
zoroarkhisui,scaryface
zoroarkhisui,shadowball
zoroarkhisui,shadowclaw
zoroarkhisui,shadowsneak
zoroarkhisui,skittersmack
zoroarkhisui,sleeptalk
zoroarkhisui,sludgebomb
zoroarkhisui,snarl
zoroarkhisui,snore
zoroarkhisui,snowscape
zoroarkhisui,spite
zoroarkhisui,substitute
zoroarkhisui,swordsdance
zoroarkhisui,taunt
zoroarkhisui,thief
zoroarkhisui,throatchop
zoroarkhisui,torment
zoroarkhisui,trick
zoroarkhisui,uproar
zoroarkhisui,uturn
zoroarkhisui,willowisp
reuniclus,acidarmor
reuniclus,allyswitch
reuniclus,attract
reuniclus,bodyslam
reuniclus,calmmind
reuniclus,charm
reuniclus,confuseray
reuniclus,drainpunch
reuniclus,encore
reuniclus,endeavor
reuniclus,endure
reuniclus,energyball
reuniclus,expandingforce
reuniclus,facade
reuniclus,firepunch
reuniclus,flashcannon
reuniclus,fling
reuniclus,focusblast
reuniclus,focuspunch
reuniclus,futuresight
reuniclus,gigaimpact
reuniclus,grassknot
reuniclus,gravity
reuniclus,guardswap
reuniclus,gyroball
reuniclus,hammerarm
reuniclus,helpinghand
reuniclus,hyperbeam
reuniclus,icepunch
reuniclus,imprison
reuniclus,irondefense
reuniclus,knockoff
reuniclus,lightscreen
reuniclus,nightshade
reuniclus,painsplit
reuniclus,powerswap
reuniclus,protect
reuniclus,psychic
reuniclus,psychicnoise
reuniclus,psychicterrain
reuniclus,psychup
reuniclus,psyshock
reuniclus,raindance
reuniclus,recover
reuniclus,reflect
reuniclus,rest
reuniclus,rockslide
reuniclus,rocktomb
reuniclus,round
reuniclus,safeguard
reuniclus,shadowball
reuniclus,skillswap
reuniclus,sleeptalk
reuniclus,snore
reuniclus,steelroller
reuniclus,storedpower
reuniclus,substitute
reuniclus,sunnyday
reuniclus,superpower
reuniclus,thunder
reuniclus,thunderpunch
reuniclus,thunderwave
reuniclus,trick
reuniclus,trickroom
reuniclus,wonderroom
reuniclus,zenheadbutt
vanilluxe,acidarmor
vanilluxe,allyswitch
vanilluxe,attract
vanilluxe,auroraveil
vanilluxe,avalanche
vanilluxe,beatup
vanilluxe,blizzard
vanilluxe,chillingwater
vanilluxe,endure
vanilluxe,explosion
vanilluxe,facade
vanilluxe,flashcannon
vanilluxe,freezedry
vanilluxe,frostbreath
vanilluxe,gigaimpact
vanilluxe,hyperbeam
vanilluxe,hypervoice
vanilluxe,icebeam
vanilluxe,iceshard
vanilluxe,icespinner
vanilluxe,iciclecrash
vanilluxe,iciclespear
vanilluxe,icywind
vanilluxe,imprison
vanilluxe,irondefense
vanilluxe,lightscreen
vanilluxe,magnetrise
vanilluxe,mirrorcoat
vanilluxe,protect
vanilluxe,raindance
vanilluxe,rest
vanilluxe,round
vanilluxe,selfdestruct
vanilluxe,sheercold
vanilluxe,sleeptalk
vanilluxe,snore
vanilluxe,snowscape
vanilluxe,substitute
vanilluxe,taunt
vanilluxe,uproar
vanilluxe,weatherball
emolga,acrobatics
emolga,agility
emolga,airslash
emolga,attract
emolga,batonpass
emolga,charge
emolga,chargebeam
emolga,charm
emolga,covet
emolga,defog
emolga,discharge
emolga,doubleteam
emolga,dualwingbeat
emolga,eerieimpulse
emolga,electroball
emolga,electroweb
emolga,encore
emolga,endure
emolga,energyball
emolga,facade
emolga,fling
emolga,helpinghand
emolga,irontail
emolga,lightscreen
emolga,nuzzle
emolga,pounce
emolga,protect
emolga,quickattack
emolga,raindance
emolga,rest
emolga,risingvoltage
emolga,roost
emolga,round
emolga,sleeptalk
emolga,snore
emolga,solarbeam
emolga,speedswap
emolga,substitute
emolga,taunt
emolga,thunder
emolga,thunderbolt
emolga,thunderwave
emolga,tickle
emolga,uturn
emolga,voltswitch
emolga,wildcharge
eelektross,acidspray
eelektross,acrobatics
eelektross,bodypress
eelektross,bodyslam
eelektross,bounce
eelektross,brickbreak
eelektross,bulkup
eelektross,bulldoze
eelektross,charge
eelektross,chargebeam
eelektross,closecombat
eelektross,coil
eelektross,confuseray
eelektross,crunch
eelektross,crushclaw
eelektross,discharge
eelektross,dragonclaw
eelektross,dragonpulse
eelektross,dragontail
eelektross,drainpunch
eelektross,eerieimpulse
eelektross,electricterrain
eelektross,electroball
eelektross,electroweb
eelektross,endure
eelektross,facade
eelektross,firepunch
eelektross,flamethrower
eelektross,flashcannon
eelektross,focuspunch
eelektross,gastroacid
eelektross,gigadrain
eelektross,gigaimpact
eelektross,grassknot
eelektross,heavyslam
eelektross,hex
eelektross,hyperbeam
eelektross,irontail
eelektross,knockoff
eelektross,lightscreen
eelektross,liquidation
eelektross,lunge
eelektross,muddywater
eelektross,outrage
eelektross,poisonfang
eelektross,protect
eelektross,psychicfangs
eelektross,raindance
eelektross,rest
eelektross,risingvoltage
eelektross,rockslide
eelektross,rocktomb
eelektross,round
eelektross,scaryface
eelektross,sleeptalk
eelektross,snore
eelektross,stompingtantrum
eelektross,substitute
eelektross,sunnyday
eelektross,supercellslam
eelektross,superfang
eelektross,superpower
eelektross,thrash
eelektross,throatchop
eelektross,thunder
eelektross,thunderbolt
eelektross,thunderfang
eelektross,thunderpunch
eelektross,thunderwave
eelektross,uturn
eelektross,voltswitch
eelektross,waterfall
eelektross,wildcharge
eelektross,zapcannon
eelektross,zenheadbutt
chandelure,acidarmor
chandelure,burningjealousy
chandelure,calmmind
chandelure,clearsmog
chandelure,confuseray
chandelure,curse
chandelure,darkpulse
chandelure,doubleteam
chandelure,endure
chandelure,energyball
chandelure,facade
chandelure,fireblast
chandelure,firespin
chandelure,flamecharge
chandelure,flamethrower
chandelure,flareblitz
chandelure,gigaimpact
chandelure,haze
chandelure,heatwave
chandelure,hex
chandelure,hyperbeam
chandelure,imprison
chandelure,inferno
chandelure,lashout
chandelure,memento
chandelure,minimize
chandelure,mysticalfire
chandelure,nightshade
chandelure,overheat
chandelure,painsplit
chandelure,payback
chandelure,poltergeist
chandelure,powersplit
chandelure,protect
chandelure,psychic
chandelure,psychup
chandelure,rest
chandelure,round
chandelure,safeguard
chandelure,shadowball
chandelure,skittersmack
chandelure,sleeptalk
chandelure,snore
chandelure,solarbeam
chandelure,spite
chandelure,substitute
chandelure,sunnyday
chandelure,taunt
chandelure,temperflare
chandelure,thief
chandelure,trailblaze
chandelure,trick
chandelure,trickroom
chandelure,willowisp
beartic,aerialace
beartic,aquajet
beartic,assurance
beartic,avalanche
beartic,blizzard
beartic,bodypress
beartic,bodyslam
beartic,brickbreak
beartic,bulkup
beartic,bulldoze
beartic,charm
beartic,chillingwater
beartic,closecombat
beartic,crunch
beartic,curse
beartic,dig
beartic,dive
beartic,doubleedge
beartic,earthquake
beartic,encore
beartic,endeavor
beartic,endure
beartic,facade
beartic,flail
beartic,fling
beartic,focusblast
beartic,focuspunch
beartic,frostbreath
beartic,gigaimpact
beartic,grassknot
beartic,hardpress
beartic,heavyslam
beartic,hyperbeam
beartic,icebeam
beartic,icefang
beartic,icepunch
beartic,iciclecrash
beartic,iciclespear
beartic,icywind
beartic,liquidation
beartic,lowkick
beartic,megakick
beartic,mudshot
beartic,mudslap
beartic,nightslash
beartic,playrough
beartic,protect
beartic,raindance
beartic,rest
beartic,reversal
beartic,roar
beartic,rockslide
beartic,rocktomb
beartic,round
beartic,scaryface
beartic,shadowclaw
beartic,sheercold
beartic,slash
beartic,sleeptalk
beartic,snarl
beartic,snore
beartic,snowscape
beartic,stoneedge
beartic,substitute
beartic,superpower
beartic,surf
beartic,swagger
beartic,swordsdance
beartic,taunt
beartic,thief
beartic,thrash
beartic,throatchop
beartic,trailblaze
beartic,waterpulse
beartic,xscissor
beartic,yawn
stunfisk,attract
stunfisk,bounce
stunfisk,bulldoze
stunfisk,charge
stunfisk,curse
stunfisk,dig
stunfisk,discharge
stunfisk,earthpower
stunfisk,earthquake
stunfisk,eerieimpulse
stunfisk,electricterrain
stunfisk,electroweb
stunfisk,endure
stunfisk,facade
stunfisk,fissure
stunfisk,flail
stunfisk,foulplay
stunfisk,lashout
stunfisk,muddywater
stunfisk,mudshot
stunfisk,mudslap
stunfisk,painsplit
stunfisk,payback
stunfisk,protect
stunfisk,raindance
stunfisk,reflecttype
stunfisk,rest
stunfisk,rockslide
stunfisk,rocktomb
stunfisk,round
stunfisk,sandstorm
stunfisk,scald
stunfisk,sleeptalk
stunfisk,sludgebomb
stunfisk,sludgewave
stunfisk,snore
stunfisk,spite
stunfisk,stealthrock
stunfisk,stompingtantrum
stunfisk,stoneedge
stunfisk,substitute
stunfisk,suckerpunch
stunfisk,surf
stunfisk,thunder
stunfisk,thunderbolt
stunfisk,thunderwave
stunfisk,uproar
stunfisk,yawn
stunfiskgalar,attract
stunfiskgalar,bind
stunfiskgalar,bounce
stunfiskgalar,bulldoze
stunfiskgalar,counter
stunfiskgalar,crunch
stunfiskgalar,curse
stunfiskgalar,dig
stunfiskgalar,earthpower
stunfiskgalar,earthquake
stunfiskgalar,endure
stunfiskgalar,facade
stunfiskgalar,fissure
stunfiskgalar,flail
stunfiskgalar,flashcannon
stunfiskgalar,foulplay
stunfiskgalar,icefang
stunfiskgalar,irondefense
stunfiskgalar,lashout
stunfiskgalar,metalsound
stunfiskgalar,muddywater
stunfiskgalar,mudshot
stunfiskgalar,mudslap
stunfiskgalar,painsplit
stunfiskgalar,payback
stunfiskgalar,protect
stunfiskgalar,raindance
stunfiskgalar,reflecttype
stunfiskgalar,rest
stunfiskgalar,rockslide
stunfiskgalar,rocktomb
stunfiskgalar,round
stunfiskgalar,sandstorm
stunfiskgalar,scald
stunfiskgalar,screech
stunfiskgalar,sleeptalk
stunfiskgalar,sludgebomb
stunfiskgalar,sludgewave
stunfiskgalar,snaptrap
stunfiskgalar,snore
stunfiskgalar,spite
stunfiskgalar,stealthrock
stunfiskgalar,steelbeam
stunfiskgalar,stompingtantrum
stunfiskgalar,stoneedge
stunfiskgalar,substitute
stunfiskgalar,suckerpunch
stunfiskgalar,surf
stunfiskgalar,terrainpulse
stunfiskgalar,thunderwave
stunfiskgalar,uproar
stunfiskgalar,yawn
golurk,bodypress
golurk,bodyslam
golurk,brickbreak
golurk,bulldoze
golurk,chargebeam
golurk,closecombat
golurk,confuseray
golurk,curse
golurk,dig
golurk,doubleedge
golurk,drainpunch
golurk,dynamicpunch
golurk,earthpower
golurk,earthquake
golurk,endure
golurk,facade
golurk,firepunch
golurk,flashcannon
golurk,fling
golurk,fly
golurk,focusblast
golurk,focuspunch
golurk,gigaimpact
golurk,grassknot
golurk,gravity
golurk,gyroball
golurk,hammerarm
golurk,hardpress
golurk,headlongrush
golurk,heatcrash
golurk,heavyslam
golurk,helpinghand
golurk,hex
golurk,highhorsepower
golurk,hyperbeam
golurk,icebeam
golurk,icepunch
golurk,icywind
golurk,imprison
golurk,irondefense
golurk,ironhead
golurk,knockoff
golurk,lowkick
golurk,lowsweep
golurk,megakick
golurk,mudslap
golurk,nightshade
golurk,phantomforce
golurk,poltergeist
golurk,protect
golurk,psychic
golurk,psychup
golurk,raindance
golurk,reflect
golurk,rest
golurk,rockslide
golurk,rocktomb
golurk,round
golurk,sandstorm
golurk,scorchingsands
golurk,selfdestruct
golurk,shadowball
golurk,shadowpunch
golurk,sleeptalk
golurk,smackdown
golurk,snore
golurk,solarbeam
golurk,stealthrock
golurk,stompingtantrum
golurk,stoneedge
golurk,substitute
golurk,sunnyday
golurk,superpower
golurk,thief
golurk,thunderbolt
golurk,thunderpunch
golurk,trick
golurk,zenheadbutt
hydreigon,acrobatics
hydreigon,assurance
hydreigon,beatup
hydreigon,belch
hydreigon,bite
hydreigon,bodyslam
hydreigon,breakingswipe
hydreigon,brutalswing
hydreigon,bulldoze
hydreigon,crunch
hydreigon,darkpulse
hydreigon,doublehit
hydreigon,dracometeor
hydreigon,dragoncheer
hydreigon,dragondance
hydreigon,dragonpulse
hydreigon,dragonrush
hydreigon,dragontail
hydreigon,dualwingbeat
hydreigon,earthpower
hydreigon,earthquake
hydreigon,endure
hydreigon,facade
hydreigon,fireblast
hydreigon,firefang
hydreigon,firespin
hydreigon,flamethrower
hydreigon,flashcannon
hydreigon,fly
hydreigon,focusblast
hydreigon,focusenergy
hydreigon,gigaimpact
hydreigon,headsmash
hydreigon,heatwave
hydreigon,helpinghand
hydreigon,hydropump
hydreigon,hyperbeam
hydreigon,hypervoice
hydreigon,icefang
hydreigon,irontail
hydreigon,lashout
hydreigon,nastyplot
hydreigon,outrage
hydreigon,payback
hydreigon,protect
hydreigon,psychup
hydreigon,raindance
hydreigon,reflect
hydreigon,rest
hydreigon,roar
hydreigon,rockslide
hydreigon,rocktomb
hydreigon,round
hydreigon,scaleshot
hydreigon,scaryface
hydreigon,screech
hydreigon,sleeptalk
hydreigon,snarl
hydreigon,snore
hydreigon,spite
hydreigon,stealthrock
hydreigon,steelwing
hydreigon,stompingtantrum
hydreigon,stoneedge
hydreigon,substitute
hydreigon,sunnyday
hydreigon,superpower
hydreigon,surf
hydreigon,tailwind
hydreigon,taunt
hydreigon,thief
hydreigon,throatchop
hydreigon,thunderfang
hydreigon,thunderwave
hydreigon,triattack
hydreigon,uproar
hydreigon,uturn
hydreigon,zenheadbutt
volcarona,acrobatics
volcarona,aircutter
volcarona,airslash
volcarona,amnesia
volcarona,bodyslam
volcarona,bugbite
volcarona,bugbuzz
volcarona,calmmind
volcarona,doubleedge
volcarona,dualwingbeat
volcarona,endure
volcarona,facade
volcarona,fierydance
volcarona,fireblast
volcarona,firespin
volcarona,flamecharge
volcarona,flamethrower
volcarona,flareblitz
volcarona,fly
volcarona,gigadrain
volcarona,gigaimpact
volcarona,heatwave
volcarona,hurricane
volcarona,hyperbeam
volcarona,leechlife
volcarona,lightscreen
volcarona,lunge
volcarona,morningsun
volcarona,mysticalfire
volcarona,overheat
volcarona,poisonjab
volcarona,pounce
volcarona,protect
volcarona,psychic
volcarona,quiverdance
volcarona,ragepowder
volcarona,raindance
volcarona,rest
volcarona,round
volcarona,safeguard
volcarona,screech
volcarona,skittersmack
volcarona,sleeptalk
volcarona,snore
volcarona,solarbeam
volcarona,stringshot
volcarona,strugglebug
volcarona,substitute
volcarona,sunnyday
volcarona,tailwind
volcarona,thrash
volcarona,trailblaze
volcarona,uturn
volcarona,whirlwind
volcarona,wildcharge
volcarona,willowisp
volcarona,zenheadbutt
chesnaught,aerialace
chesnaught,bellydrum
chesnaught,bite
chesnaught,bodypress
chesnaught,bodyslam
chesnaught,brickbreak
chesnaught,bulkup
chesnaught,bulldoze
chesnaught,bulletseed
chesnaught,closecombat
chesnaught,coaching
chesnaught,crunch
chesnaught,curse
chesnaught,dig
chesnaught,doubleedge
chesnaught,dragonclaw
chesnaught,drainpunch
chesnaught,earthquake
chesnaught,endeavor
chesnaught,endure
chesnaught,energyball
chesnaught,facade
chesnaught,feint
chesnaught,fling
chesnaught,focusblast
chesnaught,focuspunch
chesnaught,frenzyplant
chesnaught,gigadrain
chesnaught,gigaimpact
chesnaught,grassknot
chesnaught,grassyglide
chesnaught,grassyterrain
chesnaught,growth
chesnaught,gyroball
chesnaught,hammerarm
chesnaught,helpinghand
chesnaught,highhorsepower
chesnaught,hyperbeam
chesnaught,irondefense
chesnaught,ironhead
chesnaught,irontail
chesnaught,knockoff
chesnaught,leafstorm
chesnaught,leechseed
chesnaught,lowkick
chesnaught,lowsweep
chesnaught,mudshot
chesnaught,mudslap
chesnaught,painsplit
chesnaught,payback
chesnaught,pinmissile
chesnaught,poisonjab
chesnaught,protect
chesnaught,quickguard
chesnaught,raindance
chesnaught,reflect
chesnaught,rest
chesnaught,reversal
chesnaught,roar
chesnaught,rockslide
chesnaught,rocktomb
chesnaught,round
chesnaught,scaryface
chesnaught,seedbomb
chesnaught,shadowclaw
chesnaught,sleeptalk
chesnaught,sludgebomb
chesnaught,smackdown
chesnaught,snore
chesnaught,solarbeam
chesnaught,spikes
chesnaught,spikyshield
chesnaught,steelroller
chesnaught,stompingtantrum
chesnaught,stoneedge
chesnaught,substitute
chesnaught,sunnyday
chesnaught,superfang
chesnaught,superpower
chesnaught,swordsdance
chesnaught,synthesis
chesnaught,taunt
chesnaught,thunderpunch
chesnaught,trailblaze
chesnaught,wideguard
chesnaught,woodhammer
chesnaught,zenheadbutt
delphox,agility
delphox,blastburn
delphox,burningjealousy
delphox,calmmind
delphox,charm
delphox,confuseray
delphox,copycat
delphox,dazzlinggleam
delphox,doubleteam
delphox,encore
delphox,endure
delphox,expandingforce
delphox,facade
delphox,fireblast
delphox,firepunch
delphox,firespin
delphox,flamecharge
delphox,flamethrower
delphox,flareblitz
delphox,focusblast
delphox,foulplay
delphox,futuresight
delphox,gigaimpact
delphox,grassknot
delphox,heatwave
delphox,helpinghand
delphox,hex
delphox,howl
delphox,hyperbeam
delphox,hypervoice
delphox,hypnosis
delphox,imprison
delphox,irontail
delphox,lightscreen
delphox,lowkick
delphox,magicroom
delphox,mudshot
delphox,mudslap
delphox,mysticalfire
delphox,nastyplot
delphox,nightshade
delphox,overheat
delphox,protect
delphox,psychic
delphox,psychicnoise
delphox,psychicterrain
delphox,psychup
delphox,psyshock
delphox,raindance
delphox,reflect
delphox,rest
delphox,roleplay
delphox,round
delphox,safeguard
delphox,scorchingsands
delphox,shadowball
delphox,skillswap
delphox,sleeptalk
delphox,snore
delphox,solarbeam
delphox,storedpower
delphox,substitute
delphox,sunnyday
delphox,switcheroo
delphox,thief
delphox,thunderpunch
delphox,trick
delphox,trickroom
delphox,willowisp
delphox,wish
delphox,wonderroom
delphox,zenheadbutt
greninja,acrobatics
greninja,aerialace
greninja,blizzard
greninja,bounce
greninja,brickbreak
greninja,brutalswing
greninja,chillingwater
greninja,counter
greninja,darkpulse
greninja,dig
greninja,dive
greninja,doubleteam
greninja,endure
greninja,extrasensory
greninja,facade
greninja,fling
greninja,flipturn
greninja,gigaimpact
greninja,grassknot
greninja,gunkshot
greninja,haze
greninja,helpinghand
greninja,hydrocannon
greninja,hydropump
greninja,hyperbeam
greninja,icebeam
greninja,icepunch
greninja,icywind
greninja,liquidation
greninja,lowkick
greninja,lowsweep
greninja,mudshot
greninja,mudslap
greninja,nightslash
greninja,protect
greninja,quickattack
greninja,raindance
greninja,rest
greninja,rockslide
greninja,rocktomb
greninja,roleplay
greninja,round
greninja,shadowsneak
greninja,skittersmack
greninja,sleeptalk
greninja,sludgewave
greninja,smackdown
greninja,snore
greninja,snowscape
greninja,spikes
greninja,substitute
greninja,surf
greninja,switcheroo
greninja,swordsdance
greninja,taunt
greninja,thief
greninja,toxicspikes
greninja,trailblaze
greninja,upperhand
greninja,uturn
greninja,waterfall
greninja,waterpulse
greninja,watershuriken
greninja,weatherball
diggersby,agility
diggersby,attract
diggersby,bodyslam
diggersby,bounce
diggersby,brickbreak
diggersby,brutalswing
diggersby,bulkup
diggersby,bulldoze
diggersby,dig
diggersby,earthpower
diggersby,earthquake
diggersby,endure
diggersby,facade
diggersby,firepunch
diggersby,fissure
diggersby,flail
diggersby,fling
diggersby,foulplay
diggersby,gigaimpact
diggersby,grassknot
diggersby,gunkshot
diggersby,hammerarm
diggersby,highhorsepower
diggersby,hyperbeam
diggersby,icepunch
diggersby,ironhead
diggersby,irontail
diggersby,lowkick
diggersby,megakick
diggersby,mudshot
diggersby,mudslap
diggersby,payback
diggersby,protect
diggersby,quickattack
diggersby,rest
diggersby,rockslide
diggersby,rocktomb
diggersby,round
diggersby,sandstorm
diggersby,sandtomb
diggersby,scorchingsands
diggersby,sleeptalk
diggersby,sludgebomb
diggersby,snore
diggersby,spikes
diggersby,stompingtantrum
diggersby,stoneedge
diggersby,substitute
diggersby,superfang
diggersby,superpower
diggersby,surf
diggersby,swordsdance
diggersby,thief
diggersby,thunderpunch
diggersby,trailblaze
diggersby,uproar
diggersby,uturn
diggersby,wildcharge
talonflame,acrobatics
talonflame,aerialace
talonflame,agility
talonflame,aircutter
talonflame,airslash
talonflame,blazekick
talonflame,bravebird
talonflame,bulkup
talonflame,defog
talonflame,doubleedge
talonflame,dualwingbeat
talonflame,endure
talonflame,facade
talonflame,featherdance
talonflame,feint
talonflame,fireblast
talonflame,firespin
talonflame,flail
talonflame,flamecharge
talonflame,flamethrower
talonflame,flareblitz
talonflame,fly
talonflame,gigaimpact
talonflame,heatwave
talonflame,hurricane
talonflame,hyperbeam
talonflame,overheat
talonflame,protect
talonflame,quickattack
talonflame,quickguard
talonflame,raindance
talonflame,rest
talonflame,roost
talonflame,round
talonflame,skyattack
talonflame,sleeptalk
talonflame,snore
talonflame,solarbeam
talonflame,steelwing
talonflame,substitute
talonflame,sunnyday
talonflame,swordsdance
talonflame,tailwind
talonflame,taunt
talonflame,temperflare
talonflame,thief
talonflame,upperhand
talonflame,uturn
talonflame,whirlwind
talonflame,willowisp
vivillon,acrobatics
vivillon,aircutter
vivillon,airslash
vivillon,bugbite
vivillon,bugbuzz
vivillon,calmmind
vivillon,confuseray
vivillon,drainingkiss
vivillon,endure
vivillon,energyball
vivillon,facade
vivillon,gigadrain
vivillon,gigaimpact
vivillon,hurricane
vivillon,hyperbeam
vivillon,irondefense
vivillon,lightscreen
vivillon,poisonpowder
vivillon,pollenpuff
vivillon,pounce
vivillon,protect
vivillon,psychic
vivillon,quiverdance
vivillon,ragepowder
vivillon,raindance
vivillon,rest
vivillon,round
vivillon,safeguard
vivillon,skittersmack
vivillon,sleeppowder
vivillon,sleeptalk
vivillon,snore
vivillon,solarbeam
vivillon,stringshot
vivillon,strugglebug
vivillon,stunspore
vivillon,substitute
vivillon,sunnyday
vivillon,tailwind
vivillon,thief
vivillon,uturn
vivillon,weatherball
vivillon,whirlwind
vivillonfancy,acrobatics
vivillonfancy,aircutter
vivillonfancy,airslash
vivillonfancy,bugbite
vivillonfancy,bugbuzz
vivillonfancy,calmmind
vivillonfancy,confuseray
vivillonfancy,drainingkiss
vivillonfancy,endure
vivillonfancy,energyball
vivillonfancy,facade
vivillonfancy,gigadrain
vivillonfancy,gigaimpact
vivillonfancy,hurricane
vivillonfancy,hyperbeam
vivillonfancy,irondefense
vivillonfancy,lightscreen
vivillonfancy,poisonpowder
vivillonfancy,pollenpuff
vivillonfancy,pounce
vivillonfancy,protect
vivillonfancy,psychic
vivillonfancy,quiverdance
vivillonfancy,ragepowder
vivillonfancy,raindance
vivillonfancy,rest
vivillonfancy,round
vivillonfancy,safeguard
vivillonfancy,skittersmack
vivillonfancy,sleeppowder
vivillonfancy,sleeptalk
vivillonfancy,snore
vivillonfancy,solarbeam
vivillonfancy,stringshot
vivillonfancy,strugglebug
vivillonfancy,stunspore
vivillonfancy,substitute
vivillonfancy,sunnyday
vivillonfancy,tailwind
vivillonfancy,thief
vivillonfancy,uturn
vivillonfancy,weatherball
vivillonfancy,whirlwind
vivillonpokeball,acrobatics
vivillonpokeball,aircutter
vivillonpokeball,airslash
vivillonpokeball,bugbite
vivillonpokeball,bugbuzz
vivillonpokeball,calmmind
vivillonpokeball,confuseray
vivillonpokeball,drainingkiss
vivillonpokeball,endure
vivillonpokeball,energyball
vivillonpokeball,facade
vivillonpokeball,gigadrain
vivillonpokeball,gigaimpact
vivillonpokeball,hurricane
vivillonpokeball,hyperbeam
vivillonpokeball,irondefense
vivillonpokeball,lightscreen
vivillonpokeball,poisonpowder
vivillonpokeball,pollenpuff
vivillonpokeball,pounce
vivillonpokeball,protect
vivillonpokeball,psychic
vivillonpokeball,quiverdance
vivillonpokeball,ragepowder
vivillonpokeball,raindance
vivillonpokeball,rest
vivillonpokeball,round
vivillonpokeball,safeguard
vivillonpokeball,skittersmack
vivillonpokeball,sleeppowder
vivillonpokeball,sleeptalk
vivillonpokeball,snore
vivillonpokeball,solarbeam
vivillonpokeball,stringshot
vivillonpokeball,strugglebug
vivillonpokeball,stunspore
vivillonpokeball,substitute
vivillonpokeball,sunnyday
vivillonpokeball,tailwind
vivillonpokeball,thief
vivillonpokeball,uturn
vivillonpokeball,weatherball
vivillonpokeball,whirlwind
pyroar,acrobatics
pyroar,bodyslam
pyroar,bulldoze
pyroar,burningjealousy
pyroar,crunch
pyroar,darkpulse
pyroar,dig
pyroar,doubleedge
pyroar,endeavor
pyroar,endure
pyroar,entrainment
pyroar,facade
pyroar,fireblast
pyroar,firefang
pyroar,firespin
pyroar,flamecharge
pyroar,flamethrower
pyroar,flareblitz
pyroar,gigaimpact
pyroar,heatwave
pyroar,helpinghand
pyroar,hyperbeam
pyroar,hypervoice
pyroar,irontail
pyroar,mudslap
pyroar,nobleroar
pyroar,overheat
pyroar,payback
pyroar,protect
pyroar,psychicfangs
pyroar,raindance
pyroar,rest
pyroar,roar
pyroar,round
pyroar,scorchingsands
pyroar,sleeptalk
pyroar,snarl
pyroar,snore
pyroar,solarbeam
pyroar,substitute
pyroar,sunnyday
pyroar,taunt
pyroar,temperflare
pyroar,thief
pyroar,thunderfang
pyroar,trailblaze
pyroar,wildcharge
pyroar,willowisp
pyroar,yawn
floetteeternal,alluringvoice
floetteeternal,batonpass
floetteeternal,calmmind
floetteeternal,charm
floetteeternal,chillingwater
floetteeternal,copycat
floetteeternal,dazzlinggleam
floetteeternal,drainingkiss
floetteeternal,endeavor
floetteeternal,endure
floetteeternal,energyball
floetteeternal,facade
floetteeternal,gigadrain
floetteeternal,grassknot
floetteeternal,grassyterrain
floetteeternal,helpinghand
floetteeternal,hyperbeam
floetteeternal,lightofruin
floetteeternal,lightscreen
floetteeternal,mistyterrain
floetteeternal,moonblast
floetteeternal,petalblizzard
floetteeternal,petaldance
floetteeternal,pollenpuff
floetteeternal,protect
floetteeternal,psychic
floetteeternal,raindance
floetteeternal,rest
floetteeternal,safeguard
floetteeternal,seedbomb
floetteeternal,skillswap
floetteeternal,sleeptalk
floetteeternal,solarbeam
floetteeternal,storedpower
floetteeternal,substitute
floetteeternal,sunnyday
floetteeternal,synthesis
floetteeternal,tearfullook
floetteeternal,trailblaze
floetteeternal,trick
floetteeternal,wish
florges,alluringvoice
florges,batonpass
florges,calmmind
florges,charm
florges,chillingwater
florges,copycat
florges,dazzlinggleam
florges,drainingkiss
florges,endeavor
florges,endure
florges,energyball
florges,facade
florges,gigadrain
florges,gigaimpact
florges,grassknot
florges,grassyglide
florges,grassyterrain
florges,helpinghand
florges,hyperbeam
florges,lightscreen
florges,mistyexplosion
florges,mistyterrain
florges,moonblast
florges,petalblizzard
florges,petaldance
florges,pollenpuff
florges,protect
florges,psychic
florges,psychicnoise
florges,raindance
florges,rest
florges,round
florges,safeguard
florges,seedbomb
florges,skillswap
florges,sleeptalk
florges,snore
florges,solarbeam
florges,storedpower
florges,substitute
florges,sunnyday
florges,synthesis
florges,tearfullook
florges,trailblaze
florges,trick
florges,wish
pangoro,attract
pangoro,beatup
pangoro,bodyslam
pangoro,brickbreak
pangoro,brutalswing
pangoro,bulkup
pangoro,bulldoze
pangoro,bulletpunch
pangoro,circlethrow
pangoro,closecombat
pangoro,coaching
pangoro,comeuppance
pangoro,crunch
pangoro,darkestlariat
pangoro,darkpulse
pangoro,detect
pangoro,dig
pangoro,dragonclaw
pangoro,drainpunch
pangoro,earthquake
pangoro,endure
pangoro,entrainment
pangoro,facade
pangoro,firepunch
pangoro,fling
pangoro,focusblast
pangoro,focusenergy
pangoro,foulplay
pangoro,gigaimpact
pangoro,grassknot
pangoro,gunkshot
pangoro,hammerarm
pangoro,headlongrush
pangoro,helpinghand
pangoro,hyperbeam
pangoro,hypervoice
pangoro,icepunch
pangoro,ironhead
pangoro,knockoff
pangoro,lashout
pangoro,lowkick
pangoro,lowsweep
pangoro,megakick
pangoro,nightslash
pangoro,outrage
pangoro,partingshot
pangoro,payback
pangoro,poisonjab
pangoro,powertrip
pangoro,protect
pangoro,quash
pangoro,quickguard
pangoro,raindance
pangoro,rest
pangoro,reversal
pangoro,rockslide
pangoro,rocktomb
pangoro,round
pangoro,scaryface
pangoro,seismictoss
pangoro,shadowclaw
pangoro,slash
pangoro,sleeptalk
pangoro,sludgebomb
pangoro,snarl
pangoro,snore
pangoro,stompingtantrum
pangoro,stoneedge
pangoro,stormthrow
pangoro,substitute
pangoro,sunnyday
pangoro,superpower
pangoro,surf
pangoro,swordsdance
pangoro,taunt
pangoro,thief
pangoro,throatchop
pangoro,thunderpunch
pangoro,uproar
pangoro,xscissor
pangoro,zenheadbutt
furfrou,attract
furfrou,babydolleyes
furfrou,bite
furfrou,charm
furfrou,cottonguard
furfrou,crunch
furfrou,darkpulse
furfrou,dig
furfrou,doubleedge
furfrou,endeavor
furfrou,endure
furfrou,facade
furfrou,firefang
furfrou,gigaimpact
furfrou,grassknot
furfrou,helpinghand
furfrou,hypervoice
furfrou,icefang
furfrou,irontail
furfrou,lastresort
furfrou,protect
furfrou,psychicfangs
furfrou,raindance
furfrou,rest
furfrou,roar
furfrou,round
furfrou,sleeptalk
furfrou,snarl
furfrou,snore
furfrou,substitute
furfrou,suckerpunch
furfrou,sunnyday
furfrou,surf
furfrou,thunderfang
furfrou,thunderwave
furfrou,trailblaze
furfrou,uproar
furfrou,uturn
furfrou,wildcharge
furfrou,zenheadbutt
meowstic,alluringvoice
meowstic,batonpass
meowstic,calmmind
meowstic,chargebeam
meowstic,charm
meowstic,covet
meowstic,darkpulse
meowstic,dig
meowstic,endure
meowstic,energyball
meowstic,expandingforce
meowstic,facade
meowstic,fakeout
meowstic,faketears
meowstic,gigaimpact
meowstic,gravity
meowstic,helpinghand
meowstic,hyperbeam
meowstic,imprison
meowstic,irontail
meowstic,lightscreen
meowstic,magicroom
meowstic,meanlook
meowstic,mistyterrain
meowstic,nastyplot
meowstic,payback
meowstic,playrough
meowstic,protect
meowstic,psychic
meowstic,psychicnoise
meowstic,psychicterrain
meowstic,psychup
meowstic,psyshock
meowstic,quickguard
meowstic,raindance
meowstic,reflect
meowstic,rest
meowstic,roleplay
meowstic,round
meowstic,safeguard
meowstic,shadowball
meowstic,skillswap
meowstic,sleeptalk
meowstic,snore
meowstic,storedpower
meowstic,substitute
meowstic,suckerpunch
meowstic,sunnyday
meowstic,tailslap
meowstic,thunderbolt
meowstic,thunderwave
meowstic,tickle
meowstic,trailblaze
meowstic,trick
meowstic,trickroom
meowstic,wish
meowstic,wonderroom
meowstic,yawn
meowstic,zenheadbutt
meowsticf,alluringvoice
meowsticf,batonpass
meowsticf,calmmind
meowsticf,chargebeam
meowsticf,charm
meowsticf,covet
meowsticf,darkpulse
meowsticf,dig
meowsticf,endure
meowsticf,energyball
meowsticf,expandingforce
meowsticf,extrasensory
meowsticf,facade
meowsticf,fakeout
meowsticf,faketears
meowsticf,futuresight
meowsticf,gigaimpact
meowsticf,gravity
meowsticf,helpinghand
meowsticf,hyperbeam
meowsticf,irontail
meowsticf,lightscreen
meowsticf,magicroom
meowsticf,nastyplot
meowsticf,payback
meowsticf,playrough
meowsticf,protect
meowsticf,psychic
meowsticf,psychicnoise
meowsticf,psychicterrain
meowsticf,psychup
meowsticf,psyshock
meowsticf,raindance
meowsticf,reflect
meowsticf,rest
meowsticf,roleplay
meowsticf,round
meowsticf,safeguard
meowsticf,shadowball
meowsticf,skillswap
meowsticf,sleeptalk
meowsticf,snore
meowsticf,storedpower
meowsticf,substitute
meowsticf,suckerpunch
meowsticf,sunnyday
meowsticf,tailslap
meowsticf,thunderbolt
meowsticf,thunderwave
meowsticf,tickle
meowsticf,trailblaze
meowsticf,trick
meowsticf,trickroom
meowsticf,wonderroom
meowsticf,yawn
meowsticf,zenheadbutt
aegislash,aerialace
aegislash,airslash
aegislash,attract
aegislash,block
aegislash,brickbreak
aegislash,brutalswing
aegislash,closecombat
aegislash,destinybond
aegislash,doublehit
aegislash,endure
aegislash,facade
aegislash,flashcannon
aegislash,gigaimpact
aegislash,gyroball
aegislash,headsmash
aegislash,hyperbeam
aegislash,irondefense
aegislash,ironhead
aegislash,kingsshield
aegislash,metalsound
aegislash,nightslash
aegislash,poltergeist
aegislash,powertrick
aegislash,protect
aegislash,psychocut
aegislash,raindance
aegislash,reflect
aegislash,rest
aegislash,reversal
aegislash,rockslide
aegislash,round
aegislash,sacredsword
aegislash,screech
aegislash,shadowball
aegislash,shadowclaw
aegislash,shadowsneak
aegislash,slash
aegislash,sleeptalk
aegislash,snore
aegislash,solarblade
aegislash,steelbeam
aegislash,substitute
aegislash,sunnyday
aegislash,swordsdance
aegislash,wideguard
aegislash,zenheadbutt
aromatisse,afteryou
aromatisse,alluringvoice
aromatisse,allyswitch
aromatisse,aromaticmist
aromatisse,attract
aromatisse,calmmind
aromatisse,charm
aromatisse,dazzlinggleam
aromatisse,disable
aromatisse,drainingkiss
aromatisse,drainpunch
aromatisse,encore
aromatisse,endure
aromatisse,energyball
aromatisse,facade
aromatisse,faketears
aromatisse,flail
aromatisse,flashcannon
aromatisse,gigaimpact
aromatisse,gyroball
aromatisse,healpulse
aromatisse,helpinghand
aromatisse,hyperbeam
aromatisse,hypnosis
aromatisse,lightscreen
aromatisse,mistyexplosion
aromatisse,mistyterrain
aromatisse,moonblast
aromatisse,nastyplot
aromatisse,protect
aromatisse,psychic
aromatisse,psychup
aromatisse,psyshock
aromatisse,raindance
aromatisse,reflect
aromatisse,rest
aromatisse,round
aromatisse,skillswap
aromatisse,sleeptalk
aromatisse,snore
aromatisse,substitute
aromatisse,sunnyday
aromatisse,sweetkiss
aromatisse,sweetscent
aromatisse,thunder
aromatisse,thunderbolt
aromatisse,trickroom
aromatisse,wish
slurpuff,afteryou
slurpuff,amnesia
slurpuff,attract
slurpuff,calmmind
slurpuff,charm
slurpuff,copycat
slurpuff,cottonguard
slurpuff,cottonspore
slurpuff,dazzlinggleam
slurpuff,drainingkiss
slurpuff,drainpunch
slurpuff,endeavor
slurpuff,endure
slurpuff,energyball
slurpuff,facade
slurpuff,faketears
slurpuff,flamethrower
slurpuff,gigaimpact
slurpuff,helpinghand
slurpuff,hyperbeam
slurpuff,lightscreen
slurpuff,mistyexplosion
slurpuff,playrough
slurpuff,protect
slurpuff,psychic
slurpuff,raindance
slurpuff,rest
slurpuff,round
slurpuff,safeguard
slurpuff,sleeptalk
slurpuff,snore
slurpuff,stickyweb
slurpuff,stringshot
slurpuff,substitute
slurpuff,sunnyday
slurpuff,surf
slurpuff,sweetscent
slurpuff,thief
slurpuff,thunder
slurpuff,thunderbolt
slurpuff,wish
slurpuff,yawn
malamar,acupressure
malamar,aerialace
malamar,batonpass
malamar,brutalswing
malamar,calmmind
malamar,darkpulse
malamar,destinybond
malamar,disable
malamar,doublehit
malamar,doubleteam
malamar,endure
malamar,expandingforce
malamar,facade
malamar,faketears
malamar,flamethrower
malamar,fling
malamar,foulplay
malamar,futuresight
malamar,gigaimpact
malamar,gravity
malamar,guardswap
malamar,helpinghand
malamar,hyperbeam
malamar,hypnosis
malamar,knockoff
malamar,lashout
malamar,lightscreen
malamar,liquidation
malamar,lunge
malamar,nastyplot
malamar,nightslash
malamar,payback
malamar,pluck
malamar,poisonjab
malamar,protect
malamar,psychic
malamar,psychicnoise
malamar,psychocut
malamar,psychup
malamar,psyshock
malamar,raindance
malamar,reflect
malamar,rest
malamar,reversal
malamar,rockslide
malamar,round
malamar,scaryface
malamar,skillswap
malamar,slash
malamar,sleeptalk
malamar,snore
malamar,spite
malamar,storedpower
malamar,substitute
malamar,sunnyday
malamar,superpower
malamar,swagger
malamar,switcheroo
malamar,taunt
malamar,thief
malamar,throatchop
malamar,thunderbolt
malamar,topsyturvy
malamar,torment
malamar,trailblaze
malamar,trick
malamar,trickroom
malamar,wrap
malamar,zenheadbutt
barbaracle,ancientpower
barbaracle,aquacutter
barbaracle,assurance
barbaracle,attract
barbaracle,beatup
barbaracle,blizzard
barbaracle,brickbreak
barbaracle,brutalswing
barbaracle,bulkup
barbaracle,bulldoze
barbaracle,chillingwater
barbaracle,closecombat
barbaracle,crosschop
barbaracle,dig
barbaracle,dive
barbaracle,doublehit
barbaracle,dragonclaw
barbaracle,earthpower
barbaracle,earthquake
barbaracle,endure
barbaracle,facade
barbaracle,fling
barbaracle,focusblast
barbaracle,gigaimpact
barbaracle,grassknot
barbaracle,helpinghand
barbaracle,hyperbeam
barbaracle,icebeam
barbaracle,icywind
barbaracle,irondefense
barbaracle,liquidation
barbaracle,lowkick
barbaracle,meteorbeam
barbaracle,muddywater
barbaracle,mudshot
barbaracle,mudslap
barbaracle,nightslash
barbaracle,payback
barbaracle,poisonjab
barbaracle,protect
barbaracle,raindance
barbaracle,razorshell
barbaracle,rest
barbaracle,rockblast
barbaracle,rockpolish
barbaracle,rockslide
barbaracle,rocktomb
barbaracle,round
barbaracle,safeguard
barbaracle,sandstorm
barbaracle,scald
barbaracle,screech
barbaracle,shadowclaw
barbaracle,shellsmash
barbaracle,slash
barbaracle,sleeptalk
barbaracle,sludgebomb
barbaracle,sludgewave
barbaracle,snore
barbaracle,stealthrock
barbaracle,stoneedge
barbaracle,substitute
barbaracle,superpower
barbaracle,surf
barbaracle,switcheroo
barbaracle,swordsdance
barbaracle,taunt
barbaracle,thief
barbaracle,uproar
barbaracle,waterfall
barbaracle,whirlpool
barbaracle,xscissor
dragalge,acidarmor
dragalge,acidspray
dragalge,aquatail
dragalge,chillingwater
dragalge,dive
dragalge,doubleteam
dragalge,dracometeor
dragalge,dragonpulse
dragalge,dragontail
dragalge,endure
dragalge,facade
dragalge,flipturn
dragalge,focusblast
dragalge,gigaimpact
dragalge,gunkshot
dragalge,haze
dragalge,hydropump
dragalge,hyperbeam
dragalge,icywind
dragalge,irontail
dragalge,liquidation
dragalge,muddywater
dragalge,mudshot
dragalge,mudslap
dragalge,outrage
dragalge,playrough
dragalge,poisonjab
dragalge,protect
dragalge,raindance
dragalge,rest
dragalge,round
dragalge,scald
dragalge,scaleshot
dragalge,scaryface
dragalge,shadowball
dragalge,sleeptalk
dragalge,sludgebomb
dragalge,sludgewave
dragalge,snore
dragalge,snowscape
dragalge,spite
dragalge,substitute
dragalge,surf
dragalge,thief
dragalge,thunder
dragalge,thunderbolt
dragalge,toxic
dragalge,toxicspikes
dragalge,venoshock
dragalge,waterfall
dragalge,waterpulse
dragalge,whirlpool
clawitzer,aquajet
clawitzer,aquatail
clawitzer,aurasphere
clawitzer,blizzard
clawitzer,bodyslam
clawitzer,bounce
clawitzer,chillingwater
clawitzer,crabhammer
clawitzer,darkpulse
clawitzer,dive
clawitzer,dragonpulse
clawitzer,endure
clawitzer,entrainment
clawitzer,facade
clawitzer,flail
clawitzer,flashcannon
clawitzer,flipturn
clawitzer,focusblast
clawitzer,gigaimpact
clawitzer,healpulse
clawitzer,helpinghand
clawitzer,hydropump
clawitzer,hyperbeam
clawitzer,icebeam
clawitzer,icywind
clawitzer,liquidation
clawitzer,muddywater
clawitzer,mudshot
clawitzer,mudslap
clawitzer,pounce
clawitzer,protect
clawitzer,raindance
clawitzer,rest
clawitzer,rockslide
clawitzer,round
clawitzer,scaryface
clawitzer,shadowball
clawitzer,sleeptalk
clawitzer,sludgebomb
clawitzer,sludgewave
clawitzer,smackdown
clawitzer,snore
clawitzer,substitute
clawitzer,surf
clawitzer,swordsdance
clawitzer,terrainpulse
clawitzer,thief
clawitzer,uturn
clawitzer,venoshock
clawitzer,waterfall
clawitzer,waterpulse
clawitzer,weatherball
heliolisk,agility
heliolisk,allyswitch
heliolisk,attract
heliolisk,breakingswipe
heliolisk,brutalswing
heliolisk,bulldoze
heliolisk,charge
heliolisk,chargebeam
heliolisk,darkpulse
heliolisk,dig
heliolisk,discharge
heliolisk,dragonpulse
heliolisk,dragonrush
heliolisk,dragontail
heliolisk,eerieimpulse
heliolisk,electricterrain
heliolisk,electrify
heliolisk,electroball
heliolisk,electroweb
heliolisk,endure
heliolisk,facade
heliolisk,firepunch
heliolisk,focusblast
heliolisk,gigaimpact
heliolisk,glare
heliolisk,grassknot
heliolisk,hyperbeam
heliolisk,hypervoice
heliolisk,irontail
heliolisk,lightscreen
heliolisk,lowkick
heliolisk,lowsweep
heliolisk,megakick
heliolisk,morningsun
heliolisk,mudslap
heliolisk,paraboliccharge
heliolisk,pounce
heliolisk,protect
heliolisk,quickattack
heliolisk,raindance
heliolisk,rest
heliolisk,risingvoltage
heliolisk,rockslide
heliolisk,rocktomb
heliolisk,round
heliolisk,sandstorm
heliolisk,scaleshot
heliolisk,shedtail
heliolisk,sleeptalk
heliolisk,snore
heliolisk,solarbeam
heliolisk,substitute
heliolisk,sunnyday
heliolisk,surf
heliolisk,thunder
heliolisk,thunderbolt
heliolisk,thunderpunch
heliolisk,thunderwave
heliolisk,trailblaze
heliolisk,uturn
heliolisk,voltswitch
heliolisk,weatherball
heliolisk,wildcharge
tyrantrum,ancientpower
tyrantrum,assurance
tyrantrum,attract
tyrantrum,bite
tyrantrum,bodyslam
tyrantrum,breakingswipe
tyrantrum,brickbreak
tyrantrum,brutalswing
tyrantrum,bulldoze
tyrantrum,charm
tyrantrum,closecombat
tyrantrum,crunch
tyrantrum,curse
tyrantrum,darkpulse
tyrantrum,dig
tyrantrum,dracometeor
tyrantrum,dragoncheer
tyrantrum,dragonclaw
tyrantrum,dragondance
tyrantrum,dragonpulse
tyrantrum,dragontail
tyrantrum,earthpower
tyrantrum,earthquake
tyrantrum,endure
tyrantrum,facade
tyrantrum,firefang
tyrantrum,gigaimpact
tyrantrum,headsmash
tyrantrum,highhorsepower
tyrantrum,horndrill
tyrantrum,hyperbeam
tyrantrum,hypervoice
tyrantrum,icefang
tyrantrum,irondefense
tyrantrum,ironhead
tyrantrum,irontail
tyrantrum,lashout
tyrantrum,meteorbeam
tyrantrum,outrage
tyrantrum,playrough
tyrantrum,poisonfang
tyrantrum,protect
tyrantrum,psychicfangs
tyrantrum,rest
tyrantrum,roar
tyrantrum,rockblast
tyrantrum,rockpolish
tyrantrum,rockslide
tyrantrum,rocktomb
tyrantrum,round
tyrantrum,sandstorm
tyrantrum,scaleshot
tyrantrum,scaryface
tyrantrum,sleeptalk
tyrantrum,snore
tyrantrum,stealthrock
tyrantrum,stompingtantrum
tyrantrum,stoneedge
tyrantrum,substitute
tyrantrum,sunnyday
tyrantrum,superpower
tyrantrum,thrash
tyrantrum,thunderfang
tyrantrum,zenheadbutt
aurorus,ancientpower
aurorus,attract
aurorus,auroraveil
aurorus,avalanche
aurorus,blizzard
aurorus,bodyslam
aurorus,bulldoze
aurorus,calmmind
aurorus,chillingwater
aurorus,darkpulse
aurorus,discharge
aurorus,earthpower
aurorus,earthquake
aurorus,encore
aurorus,endure
aurorus,facade
aurorus,flashcannon
aurorus,freezedry
aurorus,gigaimpact
aurorus,haze
aurorus,hyperbeam
aurorus,hypervoice
aurorus,icebeam
aurorus,icespinner
aurorus,iciclespear
aurorus,icywind
aurorus,irondefense
aurorus,ironhead
aurorus,irontail
aurorus,lightscreen
aurorus,meteorbeam
aurorus,mirrorcoat
aurorus,mudshot
aurorus,outrage
aurorus,protect
aurorus,psychic
aurorus,raindance
aurorus,reflect
aurorus,rest
aurorus,rockblast
aurorus,rockslide
aurorus,rocktomb
aurorus,round
aurorus,safeguard
aurorus,sandstorm
aurorus,sleeptalk
aurorus,snore
aurorus,snowscape
aurorus,stealthrock
aurorus,stoneedge
aurorus,substitute
aurorus,thunder
aurorus,thunderbolt
aurorus,thunderwave
aurorus,weatherball
aurorus,zenheadbutt
sylveon,alluringvoice
sylveon,babydolleyes
sylveon,batonpass
sylveon,bite
sylveon,bodyslam
sylveon,calmmind
sylveon,charm
sylveon,copycat
sylveon,covet
sylveon,curse
sylveon,dazzlinggleam
sylveon,detect
sylveon,dig
sylveon,doubleedge
sylveon,drainingkiss
sylveon,endure
sylveon,facade
sylveon,faketears
sylveon,flail
sylveon,focusenergy
sylveon,gigaimpact
sylveon,helpinghand
sylveon,hyperbeam
sylveon,hypervoice
sylveon,lastresort
sylveon,lightscreen
sylveon,mistyexplosion
sylveon,mistyterrain
sylveon,moonblast
sylveon,mudslap
sylveon,mysticalfire
sylveon,playrough
sylveon,protect
sylveon,psychic
sylveon,psychup
sylveon,psyshock
sylveon,quickattack
sylveon,raindance
sylveon,reflect
sylveon,rest
sylveon,roar
sylveon,round
sylveon,safeguard
sylveon,shadowball
sylveon,skillswap
sylveon,sleeptalk
sylveon,snore
sylveon,storedpower
sylveon,substitute
sylveon,sunnyday
sylveon,tickle
sylveon,trailblaze
sylveon,weatherball
sylveon,wish
sylveon,yawn
hawlucha,acrobatics
hawlucha,aerialace
hawlucha,agility
hawlucha,airslash
hawlucha,assurance
hawlucha,batonpass
hawlucha,bodypress
hawlucha,bodyslam
hawlucha,bounce
hawlucha,bravebird
hawlucha,brickbreak
hawlucha,bulkup
hawlucha,closecombat
hawlucha,coaching
hawlucha,crosschop
hawlucha,defog
hawlucha,detect
hawlucha,dig
hawlucha,drainpunch
hawlucha,dualwingbeat
hawlucha,encore
hawlucha,endeavor
hawlucha,endure
hawlucha,entrainment
hawlucha,facade
hawlucha,featherdance
hawlucha,feint
hawlucha,firepunch
hawlucha,fling
hawlucha,fly
hawlucha,flyingpress
hawlucha,focusblast
hawlucha,focuspunch
hawlucha,gigaimpact
hawlucha,grassknot
hawlucha,helpinghand
hawlucha,highjumpkick
hawlucha,hyperbeam
hawlucha,ironhead
hawlucha,lowkick
hawlucha,lowsweep
hawlucha,lunge
hawlucha,meanlook
hawlucha,megakick
hawlucha,payback
hawlucha,poisonjab
hawlucha,protect
hawlucha,quickguard
hawlucha,raindance
hawlucha,rest
hawlucha,reversal
hawlucha,rockslide
hawlucha,rocktomb
hawlucha,roost
hawlucha,round
hawlucha,skyattack
hawlucha,sleeptalk
hawlucha,snore
hawlucha,steelwing
hawlucha,stoneedge
hawlucha,substitute
hawlucha,sunnyday
hawlucha,superpower
hawlucha,swordsdance
hawlucha,taunt
hawlucha,thief
hawlucha,throatchop
hawlucha,thunderpunch
hawlucha,trailblaze
hawlucha,upperhand
hawlucha,uproar
hawlucha,uturn
hawlucha,xscissor
hawlucha,zenheadbutt
dedenne,agility
dedenne,charge
dedenne,chargebeam
dedenne,charm
dedenne,covet
dedenne,dazzlinggleam
dedenne,dig
dedenne,discharge
dedenne,drainingkiss
dedenne,eerieimpulse
dedenne,electricterrain
dedenne,electroball
dedenne,electroweb
dedenne,endeavor
dedenne,endure
dedenne,entrainment
dedenne,facade
dedenne,fling
dedenne,gigaimpact
dedenne,grassknot
dedenne,helpinghand
dedenne,hyperbeam
dedenne,irontail
dedenne,lightscreen
dedenne,magnetrise
dedenne,mistyterrain
dedenne,nuzzle
dedenne,paraboliccharge
dedenne,playrough
dedenne,protect
dedenne,raindance
dedenne,rest
dedenne,risingvoltage
dedenne,round
dedenne,seedbomb
dedenne,sleeptalk
dedenne,snore
dedenne,substitute
dedenne,sunnyday
dedenne,superfang
dedenne,tearfullook
dedenne,thief
dedenne,thunder
dedenne,thunderbolt
dedenne,thunderpunch
dedenne,thunderwave
dedenne,trailblaze
dedenne,uturn
dedenne,voltswitch
dedenne,wildcharge
goodra,acidarmor
goodra,acidspray
goodra,aquatail
goodra,assurance
goodra,blizzard
goodra,bodypress
goodra,bodyslam
goodra,breakingswipe
goodra,brutalswing
goodra,bulldoze
goodra,charm
goodra,chillingwater
goodra,counter
goodra,curse
goodra,dracometeor
goodra,dragoncheer
goodra,dragonclaw
goodra,dragonpulse
goodra,dragontail
goodra,earthquake
goodra,endure
goodra,facade
goodra,feint
goodra,fireblast
goodra,firepunch
goodra,flail
goodra,flamethrower
goodra,focusblast
goodra,focuspunch
goodra,gigadrain
goodra,gigaimpact
goodra,hydropump
goodra,hyperbeam
goodra,icebeam
goodra,irontail
goodra,knockoff
goodra,lifedew
goodra,megakick
goodra,muddywater
goodra,mudshot
goodra,outrage
goodra,powerwhip
goodra,protect
goodra,raindance
goodra,rest
goodra,rockslide
goodra,round
goodra,scald
goodra,skittersmack
goodra,sleeptalk
goodra,sludgebomb
goodra,sludgewave
goodra,snore
goodra,stompingtantrum
goodra,substitute
goodra,sunnyday
goodra,superpower
goodra,surf
goodra,tearfullook
goodra,thunder
goodra,thunderbolt
goodra,thunderpunch
goodra,toxic
goodra,waterpulse
goodra,weatherball
goodrahisui,acidspray
goodrahisui,ancientpower
goodrahisui,blizzard
goodrahisui,bodypress
goodrahisui,bodyslam
goodrahisui,breakingswipe
goodrahisui,bulldoze
goodrahisui,charm
goodrahisui,chillingwater
goodrahisui,counter
goodrahisui,curse
goodrahisui,dracometeor
goodrahisui,dragoncheer
goodrahisui,dragonclaw
goodrahisui,dragonpulse
goodrahisui,dragontail
goodrahisui,earthquake
goodrahisui,endure
goodrahisui,facade
goodrahisui,feint
goodrahisui,fireblast
goodrahisui,firepunch
goodrahisui,flail
goodrahisui,flamethrower
goodrahisui,flashcannon
goodrahisui,gigaimpact
goodrahisui,gyroball
goodrahisui,heavyslam
goodrahisui,hydropump
goodrahisui,hyperbeam
goodrahisui,icebeam
goodrahisui,icespinner
goodrahisui,ironhead
goodrahisui,irontail
goodrahisui,knockoff
goodrahisui,lashout
goodrahisui,lifedew
goodrahisui,muddywater
goodrahisui,mudshot
goodrahisui,outrage
goodrahisui,protect
goodrahisui,raindance
goodrahisui,rest
goodrahisui,rockslide
goodrahisui,rocktomb
goodrahisui,sandstorm
goodrahisui,scaryface
goodrahisui,shelter
goodrahisui,skittersmack
goodrahisui,sleeptalk
goodrahisui,sludgebomb
goodrahisui,sludgewave
goodrahisui,steelbeam
goodrahisui,stompingtantrum
goodrahisui,substitute
goodrahisui,sunnyday
goodrahisui,surf
goodrahisui,tearfullook
goodrahisui,thunder
goodrahisui,thunderbolt
goodrahisui,thunderpunch
goodrahisui,waterpulse
goodrahisui,weatherball
klefki,calmmind
klefki,dazzlinggleam
klefki,drainingkiss
klefki,endure
klefki,facade
klefki,fairylock
klefki,flashcannon
klefki,foulplay
klefki,futuresight
klefki,gigaimpact
klefki,hyperbeam
klefki,imprison
klefki,irondefense
klefki,lastresort
klefki,lightscreen
klefki,magicroom
klefki,magnetrise
klefki,metalsound
klefki,mistyterrain
klefki,playrough
klefki,protect
klefki,psychic
klefki,psychup
klefki,psyshock
klefki,raindance
klefki,recycle
klefki,reflect
klefki,rest
klefki,round
klefki,safeguard
klefki,sandstorm
klefki,skittersmack
klefki,sleeptalk
klefki,snore
klefki,spikes
klefki,steelbeam
klefki,storedpower
klefki,substitute
klefki,sunnyday
klefki,switcheroo
klefki,thief
klefki,thunderwave
klefki,torment
klefki,trickroom
trevenant,allyswitch
trevenant,brutalswing
trevenant,bulldoze
trevenant,burningjealousy
trevenant,calmmind
trevenant,confuseray
trevenant,curse
trevenant,darkpulse
trevenant,destinybond
trevenant,dig
trevenant,disable
trevenant,drainpunch
trevenant,earthquake
trevenant,endure
trevenant,energyball
trevenant,facade
trevenant,focusblast
trevenant,forestscurse
trevenant,foulplay
trevenant,gigadrain
trevenant,gigaimpact
trevenant,grassknot
trevenant,grassyglide
trevenant,grassyterrain
trevenant,growth
trevenant,haze
trevenant,hex
trevenant,hornleech
trevenant,hyperbeam
trevenant,imprison
trevenant,ingrain
trevenant,knockoff
trevenant,lashout
trevenant,leafstorm
trevenant,leechseed
trevenant,nightshade
trevenant,painsplit
trevenant,phantomforce
trevenant,poisonjab
trevenant,poltergeist
trevenant,protect
trevenant,psychic
trevenant,psychicnoise
trevenant,psychup
trevenant,raindance
trevenant,reflect
trevenant,rest
trevenant,rockslide
trevenant,round
trevenant,safeguard
trevenant,scaryface
trevenant,seedbomb
trevenant,shadowball
trevenant,shadowclaw
trevenant,shadowpunch
trevenant,skillswap
trevenant,skittersmack
trevenant,sleeptalk
trevenant,snore
trevenant,solarbeam
trevenant,spite
trevenant,substitute
trevenant,suckerpunch
trevenant,sunnyday
trevenant,swagger
trevenant,thief
trevenant,toxic
trevenant,trailblaze
trevenant,trick
trevenant,trickroom
trevenant,willowisp
trevenant,woodhammer
trevenant,xscissor
gourgeist,allyswitch
gourgeist,attract
gourgeist,brutalswing
gourgeist,bulletseed
gourgeist,confuseray
gourgeist,curse
gourgeist,darkpulse
gourgeist,destinybond
gourgeist,disable
gourgeist,endure
gourgeist,energyball
gourgeist,explosion
gourgeist,facade
gourgeist,fireblast
gourgeist,flamethrower
gourgeist,focusblast
gourgeist,foulplay
gourgeist,gigadrain
gourgeist,gigaimpact
gourgeist,grassknot
gourgeist,grassyglide
gourgeist,gyroball
gourgeist,hex
gourgeist,hyperbeam
gourgeist,hypnosis
gourgeist,imprison
gourgeist,leechseed
gourgeist,lightscreen
gourgeist,moonblast
gourgeist,mysticalfire
gourgeist,nastyplot
gourgeist,painsplit
gourgeist,phantomforce
gourgeist,poltergeist
gourgeist,powerwhip
gourgeist,protect
gourgeist,psychic
gourgeist,rest
gourgeist,rockslide
gourgeist,round
gourgeist,safeguard
gourgeist,scaryface
gourgeist,seedbomb
gourgeist,selfdestruct
gourgeist,shadowball
gourgeist,shadowsneak
gourgeist,skillswap
gourgeist,skittersmack
gourgeist,sleeptalk
gourgeist,sludgebomb
gourgeist,snore
gourgeist,solarbeam
gourgeist,substitute
gourgeist,sunnyday
gourgeist,thief
gourgeist,trick
gourgeist,trickortreat
gourgeist,trickroom
gourgeist,willowisp
gourgeist,worryseed
gourgeistsmall,allyswitch
gourgeistsmall,attract
gourgeistsmall,brutalswing
gourgeistsmall,bulletseed
gourgeistsmall,confuseray
gourgeistsmall,curse
gourgeistsmall,darkpulse
gourgeistsmall,destinybond
gourgeistsmall,disable
gourgeistsmall,endure
gourgeistsmall,energyball
gourgeistsmall,explosion
gourgeistsmall,facade
gourgeistsmall,fireblast
gourgeistsmall,flamethrower
gourgeistsmall,focusblast
gourgeistsmall,foulplay
gourgeistsmall,gigadrain
gourgeistsmall,gigaimpact
gourgeistsmall,grassknot
gourgeistsmall,grassyglide
gourgeistsmall,gyroball
gourgeistsmall,hex
gourgeistsmall,hyperbeam
gourgeistsmall,hypnosis
gourgeistsmall,imprison
gourgeistsmall,leechseed
gourgeistsmall,lightscreen
gourgeistsmall,moonblast
gourgeistsmall,mysticalfire
gourgeistsmall,nastyplot
gourgeistsmall,painsplit
gourgeistsmall,phantomforce
gourgeistsmall,poltergeist
gourgeistsmall,powerwhip
gourgeistsmall,protect
gourgeistsmall,psychic
gourgeistsmall,rest
gourgeistsmall,rockslide
gourgeistsmall,round
gourgeistsmall,safeguard
gourgeistsmall,scaryface
gourgeistsmall,seedbomb
gourgeistsmall,selfdestruct
gourgeistsmall,shadowball
gourgeistsmall,shadowsneak
gourgeistsmall,skillswap
gourgeistsmall,skittersmack
gourgeistsmall,sleeptalk
gourgeistsmall,sludgebomb
gourgeistsmall,snore
gourgeistsmall,solarbeam
gourgeistsmall,substitute
gourgeistsmall,sunnyday
gourgeistsmall,thief
gourgeistsmall,trick
gourgeistsmall,trickortreat
gourgeistsmall,trickroom
gourgeistsmall,willowisp
gourgeistsmall,worryseed
gourgeistlarge,allyswitch
gourgeistlarge,attract
gourgeistlarge,brutalswing
gourgeistlarge,bulletseed
gourgeistlarge,confuseray
gourgeistlarge,curse
gourgeistlarge,darkpulse
gourgeistlarge,destinybond
gourgeistlarge,disable
gourgeistlarge,endure
gourgeistlarge,energyball
gourgeistlarge,explosion
gourgeistlarge,facade
gourgeistlarge,fireblast
gourgeistlarge,flamethrower
gourgeistlarge,focusblast
gourgeistlarge,foulplay
gourgeistlarge,gigadrain
gourgeistlarge,gigaimpact
gourgeistlarge,grassknot
gourgeistlarge,grassyglide
gourgeistlarge,gyroball
gourgeistlarge,hex
gourgeistlarge,hyperbeam
gourgeistlarge,hypnosis
gourgeistlarge,imprison
gourgeistlarge,leechseed
gourgeistlarge,lightscreen
gourgeistlarge,moonblast
gourgeistlarge,mysticalfire
gourgeistlarge,nastyplot
gourgeistlarge,painsplit
gourgeistlarge,phantomforce
gourgeistlarge,poltergeist
gourgeistlarge,powerwhip
gourgeistlarge,protect
gourgeistlarge,psychic
gourgeistlarge,rest
gourgeistlarge,rockslide
gourgeistlarge,round
gourgeistlarge,safeguard
gourgeistlarge,scaryface
gourgeistlarge,seedbomb
gourgeistlarge,selfdestruct
gourgeistlarge,shadowball
gourgeistlarge,shadowsneak
gourgeistlarge,skillswap
gourgeistlarge,skittersmack
gourgeistlarge,sleeptalk
gourgeistlarge,sludgebomb
gourgeistlarge,snore
gourgeistlarge,solarbeam
gourgeistlarge,substitute
gourgeistlarge,sunnyday
gourgeistlarge,thief
gourgeistlarge,trick
gourgeistlarge,trickortreat
gourgeistlarge,trickroom
gourgeistlarge,willowisp
gourgeistlarge,worryseed
gourgeistsuper,allyswitch
gourgeistsuper,attract
gourgeistsuper,brutalswing
gourgeistsuper,bulletseed
gourgeistsuper,confuseray
gourgeistsuper,curse
gourgeistsuper,darkpulse
gourgeistsuper,destinybond
gourgeistsuper,disable
gourgeistsuper,endure
gourgeistsuper,energyball
gourgeistsuper,explosion
gourgeistsuper,facade
gourgeistsuper,fireblast
gourgeistsuper,flamethrower
gourgeistsuper,focusblast
gourgeistsuper,foulplay
gourgeistsuper,gigadrain
gourgeistsuper,gigaimpact
gourgeistsuper,grassknot
gourgeistsuper,grassyglide
gourgeistsuper,gyroball
gourgeistsuper,hex
gourgeistsuper,hyperbeam
gourgeistsuper,hypnosis
gourgeistsuper,imprison
gourgeistsuper,leechseed
gourgeistsuper,lightscreen
gourgeistsuper,moonblast
gourgeistsuper,mysticalfire
gourgeistsuper,nastyplot
gourgeistsuper,painsplit
gourgeistsuper,phantomforce
gourgeistsuper,poltergeist
gourgeistsuper,powerwhip
gourgeistsuper,protect
gourgeistsuper,psychic
gourgeistsuper,rest
gourgeistsuper,rockslide
gourgeistsuper,round
gourgeistsuper,safeguard
gourgeistsuper,scaryface
gourgeistsuper,seedbomb
gourgeistsuper,selfdestruct
gourgeistsuper,shadowball
gourgeistsuper,shadowsneak
gourgeistsuper,skillswap
gourgeistsuper,skittersmack
gourgeistsuper,sleeptalk
gourgeistsuper,sludgebomb
gourgeistsuper,snore
gourgeistsuper,solarbeam
gourgeistsuper,substitute
gourgeistsuper,sunnyday
gourgeistsuper,thief
gourgeistsuper,trick
gourgeistsuper,trickortreat
gourgeistsuper,trickroom
gourgeistsuper,willowisp
gourgeistsuper,worryseed
avalugg,auroraveil
avalugg,avalanche
avalugg,bite
avalugg,blizzard
avalugg,bodypress
avalugg,bodyslam
avalugg,bulldoze
avalugg,chillingwater
avalugg,crunch
avalugg,curse
avalugg,doubleedge
avalugg,earthquake
avalugg,endure
avalugg,facade
avalugg,flashcannon
avalugg,frostbreath
avalugg,gigaimpact
avalugg,gyroball
avalugg,heavyslam
avalugg,highhorsepower
avalugg,hydropump
avalugg,hyperbeam
avalugg,icebeam
avalugg,icefang
avalugg,icespinner
avalugg,iciclecrash
avalugg,iciclespear
avalugg,icywind
avalugg,irondefense
avalugg,ironhead
avalugg,mirrorcoat
avalugg,protect
avalugg,raindance
avalugg,rapidspin
avalugg,recover
avalugg,rest
avalugg,rockslide
avalugg,rocktomb
avalugg,round
avalugg,scaryface
avalugg,sleeptalk
avalugg,snore
avalugg,snowscape
avalugg,stompingtantrum
avalugg,stoneedge
avalugg,substitute
avalugg,superpower
avalugg,surf
avalugg,wideguard
avalugghisui,ancientpower
avalugghisui,auroraveil
avalugghisui,avalanche
avalugghisui,bite
avalugghisui,blizzard
avalugghisui,bodypress
avalugghisui,bodyslam
avalugghisui,bulldoze
avalugghisui,chillingwater
avalugghisui,crunch
avalugghisui,curse
avalugghisui,dig
avalugghisui,doubleedge
avalugghisui,earthquake
avalugghisui,endure
avalugghisui,facade
avalugghisui,gigaimpact
avalugghisui,gyroball
avalugghisui,hardpress
avalugghisui,heavyslam
avalugghisui,highhorsepower
avalugghisui,hyperbeam
avalugghisui,icebeam
avalugghisui,icefang
avalugghisui,icespinner
avalugghisui,iciclespear
avalugghisui,icywind
avalugghisui,irondefense
avalugghisui,ironhead
avalugghisui,meteorbeam
avalugghisui,mirrorcoat
avalugghisui,mountaingale
avalugghisui,protect
avalugghisui,raindance
avalugghisui,rapidspin
avalugghisui,recover
avalugghisui,rest
avalugghisui,rockblast
avalugghisui,rockslide
avalugghisui,rocktomb
avalugghisui,sandstorm
avalugghisui,scaryface
avalugghisui,sleeptalk
avalugghisui,snowscape
avalugghisui,stealthrock
avalugghisui,stompingtantrum
avalugghisui,stoneedge
avalugghisui,substitute
avalugghisui,wideguard
noivern,acrobatics
noivern,aerialace
noivern,agility
noivern,aircutter
noivern,airslash
noivern,bite
noivern,bodyslam
noivern,boomburst
noivern,breakingswipe
noivern,brickbreak
noivern,darkpulse
noivern,defog
noivern,doubleedge
noivern,doubleteam
noivern,dracometeor
noivern,dragoncheer
noivern,dragonclaw
noivern,dragondance
noivern,dragonpulse
noivern,dragonrush
noivern,dragontail
noivern,dualwingbeat
noivern,endure
noivern,facade
noivern,flamethrower
noivern,fly
noivern,focusblast
noivern,gigaimpact
noivern,heatwave
noivern,hurricane
noivern,hyperbeam
noivern,hypervoice
noivern,irontail
noivern,leechlife
noivern,moonlight
noivern,outrage
noivern,protect
noivern,psychic
noivern,psychicnoise
noivern,rest
noivern,roost
noivern,round
noivern,scaryface
noivern,screech
noivern,shadowball
noivern,shadowclaw
noivern,skyattack
noivern,sleeptalk
noivern,snore
noivern,solarbeam
noivern,steelwing
noivern,substitute
noivern,sunnyday
noivern,superfang
noivern,switcheroo
noivern,tailwind
noivern,taunt
noivern,thief
noivern,uproar
noivern,uturn
noivern,waterpulse
noivern,whirlwind
noivern,wildcharge
noivern,xscissor
decidueye,acrobatics
decidueye,aerialace
decidueye,aircutter
decidueye,airslash
decidueye,batonpass
decidueye,bravebird
decidueye,bulletseed
decidueye,confuseray
decidueye,curse
decidueye,defog
decidueye,doubleteam
decidueye,dualwingbeat
decidueye,endure
decidueye,energyball
decidueye,facade
decidueye,featherdance
decidueye,frenzyplant
decidueye,gigadrain
decidueye,gigaimpact
decidueye,grassknot
decidueye,grassyglide
decidueye,grassyterrain
decidueye,haze
decidueye,helpinghand
decidueye,hex
decidueye,hurricane
decidueye,hyperbeam
decidueye,imprison
decidueye,knockoff
decidueye,leafblade
decidueye,leafstorm
decidueye,lightscreen
decidueye,lowkick
decidueye,lowsweep
decidueye,nastyplot
decidueye,nightshade
decidueye,phantomforce
decidueye,pluck
decidueye,poltergeist
decidueye,protect
decidueye,psychocut
decidueye,raindance
decidueye,rest
decidueye,roost
decidueye,round
decidueye,seedbomb
decidueye,shadowball
decidueye,shadowclaw
decidueye,shadowsneak
decidueye,skittersmack
decidueye,sleeptalk
decidueye,smackdown
decidueye,snore
decidueye,solarbeam
decidueye,solarblade
decidueye,spiritshackle
decidueye,spite
decidueye,steelwing
decidueye,substitute
decidueye,suckerpunch
decidueye,sunnyday
decidueye,swordsdance
decidueye,synthesis
decidueye,tailwind
decidueye,trailblaze
decidueye,uturn
decidueyehisui,aerialace
decidueyehisui,aircutter
decidueyehisui,airslash
decidueyehisui,aurasphere
decidueyehisui,batonpass
decidueyehisui,bravebird
decidueyehisui,brickbreak
decidueyehisui,bulkup
decidueyehisui,bulletseed
decidueyehisui,closecombat
decidueyehisui,coaching
decidueyehisui,confuseray
decidueyehisui,defog
decidueyehisui,doubleteam
decidueyehisui,dualwingbeat
decidueyehisui,endure
decidueyehisui,energyball
decidueyehisui,facade
decidueyehisui,featherdance
decidueyehisui,focusblast
decidueyehisui,focuspunch
decidueyehisui,frenzyplant
decidueyehisui,gigadrain
decidueyehisui,gigaimpact
decidueyehisui,grassknot
decidueyehisui,grassyglide
decidueyehisui,grassyterrain
decidueyehisui,haze
decidueyehisui,helpinghand
decidueyehisui,hyperbeam
decidueyehisui,knockoff
decidueyehisui,leafblade
decidueyehisui,leafstorm
decidueyehisui,lightscreen
decidueyehisui,lowkick
decidueyehisui,lowsweep
decidueyehisui,nastyplot
decidueyehisui,nightshade
decidueyehisui,pluck
decidueyehisui,protect
decidueyehisui,raindance
decidueyehisui,rest
decidueyehisui,reversal
decidueyehisui,rocktomb
decidueyehisui,roost
decidueyehisui,round
decidueyehisui,scaryface
decidueyehisui,seedbomb
decidueyehisui,shadowclaw
decidueyehisui,shadowsneak
decidueyehisui,sleeptalk
decidueyehisui,smackdown
decidueyehisui,snore
decidueyehisui,solarbeam
decidueyehisui,steelwing
decidueyehisui,substitute
decidueyehisui,suckerpunch
decidueyehisui,sunnyday
decidueyehisui,swordsdance
decidueyehisui,synthesis
decidueyehisui,tailwind
decidueyehisui,taunt
decidueyehisui,trailblaze
decidueyehisui,triplearrows
decidueyehisui,upperhand
decidueyehisui,uturn
incineroar,acrobatics
incineroar,aerialace
incineroar,assurance
incineroar,attract
incineroar,batonpass
incineroar,bite
incineroar,blastburn
incineroar,blazekick
incineroar,bodyslam
incineroar,brickbreak
incineroar,brutalswing
incineroar,bulkup
incineroar,bulldoze
incineroar,burningjealousy
incineroar,closecombat
incineroar,crosschop
incineroar,crunch
incineroar,darkestlariat
incineroar,darkpulse
incineroar,doubleedge
incineroar,drainpunch
incineroar,earthquake
incineroar,endeavor
incineroar,endure
incineroar,facade
incineroar,fakeout
incineroar,fireblast
incineroar,firefang
incineroar,firepunch
incineroar,firespin
incineroar,flamecharge
incineroar,flamethrower
incineroar,flareblitz
incineroar,fling
incineroar,focusblast
incineroar,focuspunch
incineroar,gigaimpact
incineroar,heatcrash
incineroar,heatwave
incineroar,helpinghand
incineroar,hyperbeam
incineroar,ironhead
incineroar,lashout
incineroar,leechlife
incineroar,lowkick
incineroar,lowsweep
incineroar,megakick
incineroar,nastyplot
incineroar,outrage
incineroar,overheat
incineroar,partingshot
incineroar,powertrip
incineroar,protect
incineroar,rest
incineroar,reversal
incineroar,roar
incineroar,round
incineroar,scaryface
incineroar,scorchingsands
incineroar,shadowclaw
incineroar,sleeptalk
incineroar,snarl
incineroar,snore
incineroar,stompingtantrum
incineroar,substitute
incineroar,sunnyday
incineroar,superpower
incineroar,swagger
incineroar,swordsdance
incineroar,taunt
incineroar,temperflare
incineroar,thief
incineroar,thrash
incineroar,throatchop
incineroar,thunderpunch
incineroar,trailblaze
incineroar,willowisp
primarina,acrobatics
primarina,alluringvoice
primarina,amnesia
primarina,aquajet
primarina,aquaring
primarina,attract
primarina,babydolleyes
primarina,blizzard
primarina,bodyslam
primarina,calmmind
primarina,charm
primarina,chillingwater
primarina,dazzlinggleam
primarina,dive
primarina,drainingkiss
primarina,encore
primarina,endure
primarina,energyball
primarina,facade
primarina,flipturn
primarina,gigaimpact
primarina,haze
primarina,helpinghand
primarina,hydrocannon
primarina,hydropump
primarina,hyperbeam
primarina,hypervoice
primarina,icebeam
primarina,icespinner
primarina,icywind
primarina,irontail
primarina,lifedew
primarina,lightscreen
primarina,liquidation
primarina,mistyexplosion
primarina,mistyterrain
primarina,moonblast
primarina,perishsong
primarina,playrough
primarina,protect
primarina,psychic
primarina,psychicnoise
primarina,psychup
primarina,raindance
primarina,reflect
primarina,rest
primarina,round
primarina,shadowball
primarina,sing
primarina,sleeptalk
primarina,snore
primarina,snowscape
primarina,sparklingaria
primarina,storedpower
primarina,substitute
primarina,surf
primarina,tripleaxel
primarina,uproar
primarina,waterfall
primarina,waterpulse
primarina,weatherball
primarina,whirlpool
primarina,wonderroom
toucannon,acrobatics
toucannon,aerialace
toucannon,aircutter
toucannon,airslash
toucannon,attract
toucannon,beakblast
toucannon,boomburst
toucannon,bravebird
toucannon,brickbreak
toucannon,bulletseed
toucannon,drillpeck
toucannon,dualwingbeat
toucannon,encore
toucannon,endeavor
toucannon,endure
toucannon,facade
toucannon,featherdance
toucannon,flamecharge
toucannon,flashcannon
toucannon,fly
toucannon,gigaimpact
toucannon,gunkshot
toucannon,heatwave
toucannon,helpinghand
toucannon,hurricane
toucannon,hyperbeam
toucannon,hypervoice
toucannon,knockoff
toucannon,overheat
toucannon,pluck
toucannon,protect
toucannon,psychup
toucannon,rest
toucannon,rockblast
toucannon,roost
toucannon,round
toucannon,scaryface
toucannon,screech
toucannon,seedbomb
toucannon,skyattack
toucannon,sleeptalk
toucannon,smackdown
toucannon,snore
toucannon,steelwing
toucannon,substitute
toucannon,sunnyday
toucannon,swordsdance
toucannon,tailwind
toucannon,temperflare
toucannon,thief
toucannon,throatchop
toucannon,uproar
toucannon,uturn
crabominable,amnesia
crabominable,avalanche
crabominable,blizzard
crabominable,bodypress
crabominable,bodyslam
crabominable,brickbreak
crabominable,brutalswing
crabominable,bulkup
crabominable,bulldoze
crabominable,chillingwater
crabominable,closecombat
crabominable,coaching
crabominable,crabhammer
crabominable,dig
crabominable,drainpunch
crabominable,dynamicpunch
crabominable,earthquake
crabominable,endeavor
crabominable,endure
crabominable,facade
crabominable,fling
crabominable,focusblast
crabominable,focuspunch
crabominable,gigaimpact
crabominable,gunkshot
crabominable,hardpress
crabominable,helpinghand
crabominable,hyperbeam
crabominable,icebeam
crabominable,icehammer
crabominable,icepunch
crabominable,icespinner
crabominable,iciclespear
crabominable,icywind
crabominable,irondefense
crabominable,ironhead
crabominable,knockoff
crabominable,liquidation
crabominable,machpunch
crabominable,mudshot
crabominable,mudslap
crabominable,payback
crabominable,protect
crabominable,raindance
crabominable,rest
crabominable,reversal
crabominable,rockslide
crabominable,rocktomb
crabominable,round
crabominable,scaryface
crabominable,sleeptalk
crabominable,snore
crabominable,snowscape
crabominable,stompingtantrum
crabominable,substitute
crabominable,sunnyday
crabominable,superpower
crabominable,swagger
crabominable,thief
crabominable,thunderpunch
crabominable,upperhand
crabominable,wideguard
crabominable,zenheadbutt
lycanroc,accelerock
lycanroc,agility
lycanroc,assurance
lycanroc,bite
lycanroc,bodyslam
lycanroc,brickbreak
lycanroc,bulkup
lycanroc,bulldoze
lycanroc,charm
lycanroc,closecombat
lycanroc,crunch
lycanroc,dig
lycanroc,doubleedge
lycanroc,doubleteam
lycanroc,drillrun
lycanroc,earthpower
lycanroc,endeavor
lycanroc,endure
lycanroc,facade
lycanroc,firefang
lycanroc,gigaimpact
lycanroc,helpinghand
lycanroc,howl
lycanroc,hypervoice
lycanroc,irondefense
lycanroc,ironhead
lycanroc,irontail
lycanroc,lastresort
lycanroc,mudslap
lycanroc,playrough
lycanroc,protect
lycanroc,psychicfangs
lycanroc,quickattack
lycanroc,quickguard
lycanroc,rest
lycanroc,roar
lycanroc,rockblast
lycanroc,rockslide
lycanroc,rocktomb
lycanroc,round
lycanroc,sandstorm
lycanroc,scaryface
lycanroc,sleeptalk
lycanroc,snarl
lycanroc,snore
lycanroc,stealthrock
lycanroc,stompingtantrum
lycanroc,stoneedge
lycanroc,substitute
lycanroc,suckerpunch
lycanroc,sunnyday
lycanroc,swordsdance
lycanroc,tailslap
lycanroc,taunt
lycanroc,thrash
lycanroc,thunderfang
lycanroc,trailblaze
lycanroc,zenheadbutt
lycanrocmidnight,bite
lycanrocmidnight,bodyslam
lycanrocmidnight,brickbreak
lycanrocmidnight,bulkup
lycanrocmidnight,bulldoze
lycanrocmidnight,charm
lycanrocmidnight,closecombat
lycanrocmidnight,counter
lycanrocmidnight,crunch
lycanrocmidnight,dig
lycanrocmidnight,doubleedge
lycanrocmidnight,doubleteam
lycanrocmidnight,earthpower
lycanrocmidnight,endeavor
lycanrocmidnight,endure
lycanrocmidnight,facade
lycanrocmidnight,firefang
lycanrocmidnight,firepunch
lycanrocmidnight,fling
lycanrocmidnight,focuspunch
lycanrocmidnight,foulplay
lycanrocmidnight,gigaimpact
lycanrocmidnight,helpinghand
lycanrocmidnight,howl
lycanrocmidnight,hypervoice
lycanrocmidnight,irondefense
lycanrocmidnight,ironhead
lycanrocmidnight,irontail
lycanrocmidnight,knockoff
lycanrocmidnight,lashout
lycanrocmidnight,lastresort
lycanrocmidnight,lowsweep
lycanrocmidnight,megakick
lycanrocmidnight,mudslap
lycanrocmidnight,outrage
lycanrocmidnight,payback
lycanrocmidnight,playrough
lycanrocmidnight,protect
lycanrocmidnight,psychicfangs
lycanrocmidnight,rest
lycanrocmidnight,reversal
lycanrocmidnight,roar
lycanrocmidnight,rockblast
lycanrocmidnight,rockslide
lycanrocmidnight,rocktomb
lycanrocmidnight,round
lycanrocmidnight,sandstorm
lycanrocmidnight,scaryface
lycanrocmidnight,shadowclaw
lycanrocmidnight,sleeptalk
lycanrocmidnight,snarl
lycanrocmidnight,snore
lycanrocmidnight,stealthrock
lycanrocmidnight,stompingtantrum
lycanrocmidnight,stoneedge
lycanrocmidnight,substitute
lycanrocmidnight,suckerpunch
lycanrocmidnight,sunnyday
lycanrocmidnight,swordsdance
lycanrocmidnight,taunt
lycanrocmidnight,thrash
lycanrocmidnight,throatchop
lycanrocmidnight,thunderfang
lycanrocmidnight,thunderpunch
lycanrocmidnight,trailblaze
lycanrocmidnight,upperhand
lycanrocmidnight,uproar
lycanrocmidnight,zenheadbutt
lycanrocdusk,accelerock
lycanrocdusk,bite
lycanrocdusk,bodyslam
lycanrocdusk,brickbreak
lycanrocdusk,bulkup
lycanrocdusk,bulldoze
lycanrocdusk,charm
lycanrocdusk,closecombat
lycanrocdusk,counter
lycanrocdusk,crunch
lycanrocdusk,crushclaw
lycanrocdusk,dig
lycanrocdusk,doubleedge
lycanrocdusk,doubleteam
lycanrocdusk,drillrun
lycanrocdusk,earthpower
lycanrocdusk,endeavor
lycanrocdusk,endure
lycanrocdusk,facade
lycanrocdusk,firefang
lycanrocdusk,focusenergy
lycanrocdusk,gigaimpact
lycanrocdusk,helpinghand
lycanrocdusk,howl
lycanrocdusk,hypervoice
lycanrocdusk,irondefense
lycanrocdusk,ironhead
lycanrocdusk,irontail
lycanrocdusk,lastresort
lycanrocdusk,mudslap
lycanrocdusk,outrage
lycanrocdusk,playrough
lycanrocdusk,protect
lycanrocdusk,psychicfangs
lycanrocdusk,quickattack
lycanrocdusk,quickguard
lycanrocdusk,rest
lycanrocdusk,reversal
lycanrocdusk,roar
lycanrocdusk,rockblast
lycanrocdusk,rockslide
lycanrocdusk,rocktomb
lycanrocdusk,round
lycanrocdusk,sandstorm
lycanrocdusk,scaryface
lycanrocdusk,sleeptalk
lycanrocdusk,snarl
lycanrocdusk,snore
lycanrocdusk,stealthrock
lycanrocdusk,stompingtantrum
lycanrocdusk,stoneedge
lycanrocdusk,substitute
lycanrocdusk,suckerpunch
lycanrocdusk,swordsdance
lycanrocdusk,tailslap
lycanrocdusk,taunt
lycanrocdusk,thrash
lycanrocdusk,throatchop
lycanrocdusk,thunderfang
lycanrocdusk,trailblaze
lycanrocdusk,zenheadbutt
toxapex,acidspray
toxapex,banefulbunker
toxapex,bite
toxapex,blizzard
toxapex,bodyslam
toxapex,chillingwater
toxapex,crosspoison
toxapex,endure
toxapex,facade
toxapex,gigaimpact
toxapex,gunkshot
toxapex,haze
toxapex,hex
toxapex,hydropump
toxapex,hyperbeam
toxapex,icebeam
toxapex,icespinner
toxapex,icywind
toxapex,infestation
toxapex,irondefense
toxapex,lightscreen
toxapex,liquidation
toxapex,lunge
toxapex,muddywater
toxapex,mudshot
toxapex,painsplit
toxapex,payback
toxapex,pinmissile
toxapex,poisonjab
toxapex,pounce
toxapex,protect
toxapex,raindance
toxapex,recover
toxapex,rest
toxapex,round
toxapex,scaryface
toxapex,sleeptalk
toxapex,sludgebomb
toxapex,sludgewave
toxapex,smackdown
toxapex,snore
toxapex,spitup
toxapex,stockpile
toxapex,substitute
toxapex,surf
toxapex,swallow
toxapex,toxic
toxapex,toxicspikes
toxapex,venoshock
toxapex,waterpulse
toxapex,wideguard
mudsdale,bodypress
mudsdale,bodyslam
mudsdale,bulldoze
mudsdale,closecombat
mudsdale,counter
mudsdale,curse
mudsdale,doubleedge
mudsdale,earthpower
mudsdale,earthquake
mudsdale,endeavor
mudsdale,endure
mudsdale,facade
mudsdale,fissure
mudsdale,focusblast
mudsdale,gigaimpact
mudsdale,heavyslam
mudsdale,highhorsepower
mudsdale,hyperbeam
mudsdale,irondefense
mudsdale,ironhead
mudsdale,lashout
mudsdale,lowkick
mudsdale,lowsweep
mudsdale,megakick
mudsdale,mudshot
mudsdale,mudslap
mudsdale,payback
mudsdale,protect
mudsdale,rest
mudsdale,roar
mudsdale,rockslide
mudsdale,rocktomb
mudsdale,round
mudsdale,sandstorm
mudsdale,sandtomb
mudsdale,scaryface
mudsdale,sleeptalk
mudsdale,smackdown
mudsdale,snore
mudsdale,stealthrock
mudsdale,stompingtantrum
mudsdale,stoneedge
mudsdale,substitute
mudsdale,sunnyday
mudsdale,superpower
araquanid,aquaring
araquanid,attract
araquanid,bite
araquanid,blizzard
araquanid,bodyslam
araquanid,bugbite
araquanid,bugbuzz
araquanid,chillingwater
araquanid,crunch
araquanid,dive
araquanid,endeavor
araquanid,endure
araquanid,entrainment
araquanid,facade
araquanid,gigadrain
araquanid,gigaimpact
araquanid,hydropump
araquanid,hyperbeam
araquanid,icebeam
araquanid,icywind
araquanid,infestation
araquanid,irondefense
araquanid,leechlife
araquanid,liquidation
araquanid,lunge
araquanid,magicroom
araquanid,mirrorcoat
araquanid,poisonjab
araquanid,pounce
araquanid,powersplit
araquanid,protect
araquanid,raindance
araquanid,reflect
araquanid,rest
araquanid,round
araquanid,scaryface
araquanid,skittersmack
araquanid,sleeptalk
araquanid,snore
araquanid,soak
araquanid,spitup
araquanid,stickyweb
araquanid,stockpile
araquanid,substitute
araquanid,surf
araquanid,trailblaze
araquanid,waterfall
araquanid,waterpulse
araquanid,wideguard
araquanid,wonderroom
araquanid,xscissor
salazzle,acidspray
salazzle,acrobatics
salazzle,agility
salazzle,beatup
salazzle,belch
salazzle,bodyslam
salazzle,breakingswipe
salazzle,burningjealousy
salazzle,corrosivegas
salazzle,crosspoison
salazzle,disable
salazzle,dragoncheer
salazzle,dragonclaw
salazzle,dragondance
salazzle,dragonpulse
salazzle,dragontail
salazzle,encore
salazzle,endeavor
salazzle,endure
salazzle,facade
salazzle,fakeout
salazzle,faketears
salazzle,fireblast
salazzle,firefang
salazzle,firelash
salazzle,flamecharge
salazzle,flamethrower
salazzle,flareblitz
salazzle,fling
salazzle,foulplay
salazzle,gigaimpact
salazzle,gunkshot
salazzle,heatwave
salazzle,helpinghand
salazzle,hyperbeam
salazzle,hypervoice
salazzle,irontail
salazzle,knockoff
salazzle,leechlife
salazzle,mudslap
salazzle,nastyplot
salazzle,overheat
salazzle,payback
salazzle,poisonfang
salazzle,poisonjab
salazzle,protect
salazzle,rest
salazzle,round
salazzle,scaleshot
salazzle,scaryface
salazzle,shadowclaw
salazzle,skittersmack
salazzle,sleeptalk
salazzle,sludgebomb
salazzle,sludgewave
salazzle,snore
salazzle,substitute
salazzle,sunnyday
salazzle,swagger
salazzle,sweetscent
salazzle,taunt
salazzle,temperflare
salazzle,thief
salazzle,thunderwave
salazzle,torment
salazzle,toxic
salazzle,toxicspikes
salazzle,trailblaze
salazzle,venoshock
salazzle,willowisp
tsareena,acrobatics
tsareena,acupressure
tsareena,aromaticmist
tsareena,bounce
tsareena,bulletseed
tsareena,charm
tsareena,dazzlinggleam
tsareena,drainingkiss
tsareena,endeavor
tsareena,endure
tsareena,energyball
tsareena,facade
tsareena,flail
tsareena,fling
tsareena,gigadrain
tsareena,gigaimpact
tsareena,grassknot
tsareena,grassyglide
tsareena,grassyterrain
tsareena,helpinghand
tsareena,highjumpkick
tsareena,hyperbeam
tsareena,knockoff
tsareena,leafstorm
tsareena,lightscreen
tsareena,lowkick
tsareena,lowsweep
tsareena,megakick
tsareena,payback
tsareena,petalblizzard
tsareena,playrough
tsareena,powerwhip
tsareena,protect
tsareena,rapidspin
tsareena,reflect
tsareena,rest
tsareena,round
tsareena,seedbomb
tsareena,sleeptalk
tsareena,snore
tsareena,solarbeam
tsareena,solarblade
tsareena,substitute
tsareena,sunnyday
tsareena,swagger
tsareena,sweetscent
tsareena,synthesis
tsareena,taunt
tsareena,teeterdance
tsareena,trailblaze
tsareena,tripleaxel
tsareena,tropkick
tsareena,uturn
tsareena,zenheadbutt
oranguru,afteryou
oranguru,bodyslam
oranguru,brickbreak
oranguru,bulldoze
oranguru,calmmind
oranguru,chargebeam
oranguru,chillingwater
oranguru,earthquake
oranguru,encore
oranguru,endeavor
oranguru,endure
oranguru,energyball
oranguru,expandingforce
oranguru,extrasensory
oranguru,facade
oranguru,fling
oranguru,focusblast
oranguru,foulplay
oranguru,futuresight
oranguru,gigaimpact
oranguru,gravity
oranguru,hyperbeam
oranguru,hypervoice
oranguru,imprison
oranguru,instruct
oranguru,knockoff
oranguru,lastresort
oranguru,lightscreen
oranguru,magicroom
oranguru,megakick
oranguru,nastyplot
oranguru,painsplit
oranguru,payback
oranguru,protect
oranguru,psychic
oranguru,psychicnoise
oranguru,psychicterrain
oranguru,psychup
oranguru,psyshock
oranguru,quash
oranguru,raindance
oranguru,reflect
oranguru,rest
oranguru,rockslide
oranguru,round
oranguru,safeguard
oranguru,scaryface
oranguru,shadowball
oranguru,skillswap
oranguru,sleeptalk
oranguru,snore
oranguru,storedpower
oranguru,substitute
oranguru,sunnyday
oranguru,taunt
oranguru,terrainpulse
oranguru,thunder
oranguru,thunderbolt
oranguru,trailblaze
oranguru,trick
oranguru,trickroom
oranguru,wonderroom
oranguru,yawn
oranguru,zenheadbutt
passimian,acrobatics
passimian,assurance
passimian,batonpass
passimian,beatup
passimian,bodyslam
passimian,brickbreak
passimian,brutalswing
passimian,bulkup
passimian,bulldoze
passimian,chillingwater
passimian,closecombat
passimian,coaching
passimian,counter
passimian,curse
passimian,doubleedge
passimian,drainpunch
passimian,earthquake
passimian,electroweb
passimian,endure
passimian,energyball
passimian,facade
passimian,feint
passimian,fling
passimian,focusblast
passimian,focusenergy
passimian,focuspunch
passimian,gigaimpact
passimian,grassknot
passimian,gunkshot
passimian,gyroball
passimian,hyperbeam
passimian,ironhead
passimian,irontail
passimian,knockoff
passimian,lowkick
passimian,lowsweep
passimian,megakick
passimian,painsplit
passimian,payback
passimian,protect
passimian,quickattack
passimian,quickguard
passimian,raindance
passimian,rest
passimian,reversal
passimian,rockslide
passimian,rocktomb
passimian,round
passimian,scaryface
passimian,seedbomb
passimian,seismictoss
passimian,shadowball
passimian,sleeptalk
passimian,smackdown
passimian,snore
passimian,substitute
passimian,sunnyday
passimian,superpower
passimian,taunt
passimian,thief
passimian,thrash
passimian,trailblaze
passimian,upperhand
passimian,uproar
passimian,uturn
passimian,vacuumwave
mimikyu,babydolleyes
mimikyu,beatup
mimikyu,bulkup
mimikyu,burningjealousy
mimikyu,charm
mimikyu,confuseray
mimikyu,copycat
mimikyu,curse
mimikyu,darkpulse
mimikyu,dazzlinggleam
mimikyu,destinybond
mimikyu,doubleteam
mimikyu,drainingkiss
mimikyu,drainpunch
mimikyu,endure
mimikyu,facade
mimikyu,fling
mimikyu,gigadrain
mimikyu,gigaimpact
mimikyu,hex
mimikyu,hyperbeam
mimikyu,leechlife
mimikyu,lightscreen
mimikyu,magicroom
mimikyu,mistyterrain
mimikyu,nightshade
mimikyu,nightslash
mimikyu,painsplit
mimikyu,payback
mimikyu,phantomforce
mimikyu,playrough
mimikyu,pounce
mimikyu,protect
mimikyu,psychic
mimikyu,psychup
mimikyu,raindance
mimikyu,rest
mimikyu,round
mimikyu,safeguard
mimikyu,screech
mimikyu,shadowball
mimikyu,shadowclaw
mimikyu,shadowsneak
mimikyu,slash
mimikyu,sleeptalk
mimikyu,snore
mimikyu,spite
mimikyu,substitute
mimikyu,sunnyday
mimikyu,swordsdance
mimikyu,taunt
mimikyu,thief
mimikyu,thunder
mimikyu,thunderbolt
mimikyu,thunderwave
mimikyu,trailblaze
mimikyu,trick
mimikyu,trickroom
mimikyu,willowisp
mimikyu,woodhammer
mimikyu,xscissor
drampa,amnesia
drampa,attract
drampa,blizzard
drampa,bodyslam
drampa,breakingswipe
drampa,bulldoze
drampa,calmmind
drampa,dracometeor
drampa,dragoncheer
drampa,dragonclaw
drampa,dragondance
drampa,dragonpulse
drampa,dragonrush
drampa,earthpower
drampa,earthquake
drampa,endure
drampa,energyball
drampa,extrasensory
drampa,facade
drampa,fireblast
drampa,flamethrower
drampa,fling
drampa,fly
drampa,focusblast
drampa,gigaimpact
drampa,glare
drampa,grassknot
drampa,heatwave
drampa,helpinghand
drampa,hurricane
drampa,hydropump
drampa,hyperbeam
drampa,hypervoice
drampa,icebeam
drampa,icywind
drampa,lashout
drampa,lightscreen
drampa,outrage
drampa,playrough
drampa,protect
drampa,raindance
drampa,rest
drampa,rockslide
drampa,roost
drampa,round
drampa,safeguard
drampa,scaleshot
drampa,shadowball
drampa,shadowclaw
drampa,sleeptalk
drampa,snarl
drampa,snore
drampa,solarbeam
drampa,steelwing
drampa,stompingtantrum
drampa,substitute
drampa,sunnyday
drampa,superpower
drampa,surf
drampa,thunder
drampa,thunderbolt
drampa,thunderwave
drampa,tickle
drampa,triattack
drampa,uproar
drampa,whirlwind
kommoo,aerialace
kommoo,attract
kommoo,aurasphere
kommoo,bellydrum
kommoo,bodypress
kommoo,bodyslam
kommoo,boomburst
kommoo,breakingswipe
kommoo,brickbreak
kommoo,brutalswing
kommoo,bulkup
kommoo,bulldoze
kommoo,clangingscales
kommoo,clangoroussoul
kommoo,closecombat
kommoo,coaching
kommoo,counter
kommoo,doubleedge
kommoo,dracometeor
kommoo,dragoncheer
kommoo,dragonclaw
kommoo,dragondance
kommoo,dragonpulse
kommoo,dragontail
kommoo,drainpunch
kommoo,earthquake
kommoo,endeavor
kommoo,endure
kommoo,facade
kommoo,firepunch
kommoo,flamethrower
kommoo,flashcannon
kommoo,fling
kommoo,focusblast
kommoo,focuspunch
kommoo,gigaimpact
kommoo,helpinghand
kommoo,hyperbeam
kommoo,hypervoice
kommoo,icepunch
kommoo,irondefense
kommoo,ironhead
kommoo,irontail
kommoo,lowkick
kommoo,megakick
kommoo,metalsound
kommoo,nobleroar
kommoo,outrage
kommoo,payback
kommoo,poisonjab
kommoo,protect
kommoo,raindance
kommoo,rest
kommoo,reversal
kommoo,roar
kommoo,rockslide
kommoo,rocktomb
kommoo,round
kommoo,sandstorm
kommoo,scaleshot
kommoo,scaryface
kommoo,screech
kommoo,shadowclaw
kommoo,sleeptalk
kommoo,snore
kommoo,stealthrock
kommoo,stompingtantrum
kommoo,substitute
kommoo,sunnyday
kommoo,superpower
kommoo,swordsdance
kommoo,taunt
kommoo,throatchop
kommoo,thunderpunch
kommoo,upperhand
kommoo,uproar
kommoo,vacuumwave
kommoo,xscissor
corviknight,aerialace
corviknight,agility
corviknight,aircutter
corviknight,airslash
corviknight,assurance
corviknight,bodypress
corviknight,bodyslam
corviknight,bravebird
corviknight,bulkup
corviknight,curse
corviknight,defog
corviknight,doubleedge
corviknight,drillpeck
corviknight,dualwingbeat
corviknight,endure
corviknight,facade
corviknight,faketears
corviknight,featherdance
corviknight,flashcannon
corviknight,fly
corviknight,focusenergy
corviknight,gigaimpact
corviknight,heavyslam
corviknight,hurricane
corviknight,hyperbeam
corviknight,irondefense
corviknight,ironhead
corviknight,lightscreen
corviknight,metalsound
corviknight,nastyplot
corviknight,payback
corviknight,pluck
corviknight,powertrip
corviknight,protect
corviknight,raindance
corviknight,reflect
corviknight,rest
corviknight,reversal
corviknight,roost
corviknight,round
corviknight,scaryface
corviknight,screech
corviknight,skyattack
corviknight,sleeptalk
corviknight,snore
corviknight,spite
corviknight,steelbeam
corviknight,steelwing
corviknight,substitute
corviknight,sunnyday
corviknight,swagger
corviknight,tailwind
corviknight,taunt
corviknight,thief
corviknight,uturn
flapple,acidspray
flapple,acrobatics
flapple,aerialace
flapple,airslash
flapple,bulletseed
flapple,dracometeor
flapple,dragondance
flapple,dragonpulse
flapple,dragonrush
flapple,dualwingbeat
flapple,endeavor
flapple,endure
flapple,energyball
flapple,facade
flapple,fly
flapple,focusenergy
flapple,gigadrain
flapple,gigaimpact
flapple,grassknot
flapple,grassyglide
flapple,grassyterrain
flapple,gravapple
flapple,growth
flapple,heavyslam
flapple,hyperbeam
flapple,irondefense
flapple,leafstorm
flapple,leechseed
flapple,outrage
flapple,pounce
flapple,protect
flapple,recycle
flapple,rest
flapple,round
flapple,scaryface
flapple,seedbomb
flapple,sleeptalk
flapple,snore
flapple,solarbeam
flapple,substitute
flapple,suckerpunch
flapple,sunnyday
flapple,trailblaze
flapple,uturn
appletun,amnesia
appletun,appleacid
appletun,bodypress
appletun,bodyslam
appletun,bulldoze
appletun,bulletseed
appletun,curse
appletun,dracometeor
appletun,dragonpulse
appletun,dragontail
appletun,earthquake
appletun,endure
appletun,energyball
appletun,facade
appletun,gigadrain
appletun,gigaimpact
appletun,grassknot
appletun,grassyglide
appletun,grassyterrain
appletun,growth
appletun,gyroball
appletun,heavyslam
appletun,helpinghand
appletun,highhorsepower
appletun,hyperbeam
appletun,irondefense
appletun,ironhead
appletun,leafstorm
appletun,leechseed
appletun,lightscreen
appletun,outrage
appletun,pounce
appletun,protect
appletun,raindance
appletun,recover
appletun,recycle
appletun,reflect
appletun,rest
appletun,round
appletun,seedbomb
appletun,sleeptalk
appletun,snore
appletun,solarbeam
appletun,stompingtantrum
appletun,substitute
appletun,suckerpunch
appletun,sunnyday
appletun,superpower
appletun,sweetscent
appletun,trailblaze
appletun,zenheadbutt
sandaconda,belch
sandaconda,bodypress
sandaconda,bodyslam
sandaconda,brutalswing
sandaconda,bulldoze
sandaconda,coil
sandaconda,dig
sandaconda,dragonrush
sandaconda,drillrun
sandaconda,earthpower
sandaconda,earthquake
sandaconda,endeavor
sandaconda,endure
sandaconda,facade
sandaconda,firefang
sandaconda,gigaimpact
sandaconda,glare
sandaconda,highhorsepower
sandaconda,hurricane
sandaconda,hyperbeam
sandaconda,irondefense
sandaconda,ironhead
sandaconda,lastresort
sandaconda,minimize
sandaconda,mudshot
sandaconda,mudslap
sandaconda,outrage
sandaconda,protect
sandaconda,rest
sandaconda,rockblast
sandaconda,rockslide
sandaconda,rocktomb
sandaconda,round
sandaconda,sandstorm
sandaconda,sandtomb
sandaconda,scaleshot
sandaconda,scaryface
sandaconda,scorchingsands
sandaconda,screech
sandaconda,skittersmack
sandaconda,sleeptalk
sandaconda,snore
sandaconda,stealthrock
sandaconda,stoneedge
sandaconda,substitute
sandaconda,thunderfang
sandaconda,wrap
sandaconda,zenheadbutt
polteageist,allyswitch
polteageist,aromaticmist
polteageist,batonpass
polteageist,calmmind
polteageist,confuseray
polteageist,curse
polteageist,darkpulse
polteageist,endure
polteageist,facade
polteageist,foulplay
polteageist,gigadrain
polteageist,gigaimpact
polteageist,hex
polteageist,hyperbeam
polteageist,imprison
polteageist,lightscreen
polteageist,memento
polteageist,nastyplot
polteageist,nightshade
polteageist,painsplit
polteageist,payback
polteageist,phantomforce
polteageist,poltergeist
polteageist,protect
polteageist,psychic
polteageist,psyshock
polteageist,reflect
polteageist,rest
polteageist,round
polteageist,selfdestruct
polteageist,shadowball
polteageist,shellsmash
polteageist,skillswap
polteageist,sleeptalk
polteageist,snore
polteageist,spite
polteageist,storedpower
polteageist,strengthsap
polteageist,substitute
polteageist,suckerpunch
polteageist,sweetscent
polteageist,teatime
polteageist,trick
polteageist,trickroom
polteageist,willowisp
polteageist,wonderroom
polteageistantique,allyswitch
polteageistantique,aromaticmist
polteageistantique,batonpass
polteageistantique,calmmind
polteageistantique,confuseray
polteageistantique,curse
polteageistantique,darkpulse
polteageistantique,endure
polteageistantique,facade
polteageistantique,foulplay
polteageistantique,gigadrain
polteageistantique,gigaimpact
polteageistantique,hex
polteageistantique,hyperbeam
polteageistantique,imprison
polteageistantique,lightscreen
polteageistantique,memento
polteageistantique,nastyplot
polteageistantique,nightshade
polteageistantique,painsplit
polteageistantique,payback
polteageistantique,phantomforce
polteageistantique,poltergeist
polteageistantique,protect
polteageistantique,psychic
polteageistantique,psyshock
polteageistantique,reflect
polteageistantique,rest
polteageistantique,round
polteageistantique,selfdestruct
polteageistantique,shadowball
polteageistantique,shellsmash
polteageistantique,skillswap
polteageistantique,sleeptalk
polteageistantique,snore
polteageistantique,spite
polteageistantique,storedpower
polteageistantique,strengthsap
polteageistantique,substitute
polteageistantique,suckerpunch
polteageistantique,sweetscent
polteageistantique,teatime
polteageistantique,trick
polteageistantique,trickroom
polteageistantique,willowisp
polteageistantique,wonderroom
hatterene,afteryou
hatterene,agility
hatterene,aromaticmist
hatterene,batonpass
hatterene,brutalswing
hatterene,calmmind
hatterene,charm
hatterene,darkpulse
hatterene,dazzlinggleam
hatterene,drainingkiss
hatterene,endure
hatterene,expandingforce
hatterene,facade
hatterene,futuresight
hatterene,gigadrain
hatterene,gigaimpact
hatterene,gravity
hatterene,guardswap
hatterene,healingwish
hatterene,healpulse
hatterene,helpinghand
hatterene,hyperbeam
hatterene,imprison
hatterene,lifedew
hatterene,lightscreen
hatterene,magicpowder
hatterene,magicroom
hatterene,mistyexplosion
hatterene,mistyterrain
hatterene,mysticalfire
hatterene,nuzzle
hatterene,painsplit
hatterene,playrough
hatterene,powerswap
hatterene,powerwhip
hatterene,protect
hatterene,psychic
hatterene,psychicnoise
hatterene,psychicterrain
hatterene,psychocut
hatterene,psychup
hatterene,psyshock
hatterene,quash
hatterene,reflect
hatterene,rest
hatterene,round
hatterene,safeguard
hatterene,shadowball
hatterene,shadowclaw
hatterene,skillswap
hatterene,sleeptalk
hatterene,snore
hatterene,storedpower
hatterene,substitute
hatterene,swordsdance
hatterene,thunderwave
hatterene,trick
hatterene,trickroom
hatterene,wonderroom
grimmsnarl,assurance
grimmsnarl,bite
grimmsnarl,bodypress
grimmsnarl,bodyslam
grimmsnarl,brickbreak
grimmsnarl,bulkup
grimmsnarl,burningjealousy
grimmsnarl,chillingwater
grimmsnarl,crunch
grimmsnarl,darkpulse
grimmsnarl,dazzlinggleam
grimmsnarl,drainingkiss
grimmsnarl,drainpunch
grimmsnarl,endure
grimmsnarl,facade
grimmsnarl,fakeout
grimmsnarl,faketears
grimmsnarl,firepunch
grimmsnarl,flatter
grimmsnarl,fling
grimmsnarl,focusblast
grimmsnarl,focusenergy
grimmsnarl,focuspunch
grimmsnarl,foulplay
grimmsnarl,gigaimpact
grimmsnarl,hammerarm
grimmsnarl,hyperbeam
grimmsnarl,icepunch
grimmsnarl,imprison
grimmsnarl,lashout
grimmsnarl,leechlife
grimmsnarl,lightscreen
grimmsnarl,lowkick
grimmsnarl,lowsweep
grimmsnarl,megakick
grimmsnarl,mistyterrain
grimmsnarl,nastyplot
grimmsnarl,partingshot
grimmsnarl,playrough
grimmsnarl,powerswap
grimmsnarl,powerwhip
grimmsnarl,protect
grimmsnarl,reflect
grimmsnarl,rest
grimmsnarl,round
grimmsnarl,scaryface
grimmsnarl,shadowclaw
grimmsnarl,sleeptalk
grimmsnarl,snore
grimmsnarl,spiritbreak
grimmsnarl,stompingtantrum
grimmsnarl,substitute
grimmsnarl,suckerpunch
grimmsnarl,superpower
grimmsnarl,swagger
grimmsnarl,taunt
grimmsnarl,thief
grimmsnarl,throatchop
grimmsnarl,thunderpunch
grimmsnarl,torment
grimmsnarl,trailblaze
grimmsnarl,trick
grimmsnarl,uproar
grimmsnarl,wonderroom
mrrime,afteryou
mrrime,allyswitch
mrrime,attract
mrrime,avalanche
mrrime,batonpass
mrrime,blizzard
mrrime,block
mrrime,bodyslam
mrrime,brickbreak
mrrime,calmmind
mrrime,charm
mrrime,chillingwater
mrrime,confuseray
mrrime,copycat
mrrime,dazzlinggleam
mrrime,drainpunch
mrrime,encore
mrrime,endure
mrrime,energyball
mrrime,expandingforce
mrrime,facade
mrrime,fakeout
mrrime,faketears
mrrime,fling
mrrime,focusblast
mrrime,foulplay
mrrime,freezedry
mrrime,frostbreath
mrrime,futuresight
mrrime,gigaimpact
mrrime,grassknot
mrrime,guardswap
mrrime,haze
mrrime,helpinghand
mrrime,hyperbeam
mrrime,hypnosis
mrrime,icebeam
mrrime,icepunch
mrrime,iceshard
mrrime,icespinner
mrrime,iciclespear
mrrime,icywind
mrrime,irondefense
mrrime,lightscreen
mrrime,magicroom
mrrime,megakick
mrrime,mirrorcoat
mrrime,mistyterrain
mrrime,nastyplot
mrrime,payback
mrrime,powersplit
mrrime,powerswap
mrrime,protect
mrrime,psychic
mrrime,psychicterrain
mrrime,psyshock
mrrime,raindance
mrrime,rapidspin
mrrime,recycle
mrrime,reflect
mrrime,rest
mrrime,roleplay
mrrime,round
mrrime,safeguard
mrrime,screech
mrrime,shadowball
mrrime,sheercold
mrrime,skillswap
mrrime,slackoff
mrrime,sleeptalk
mrrime,snore
mrrime,snowscape
mrrime,solarbeam
mrrime,stompingtantrum
mrrime,storedpower
mrrime,substitute
mrrime,suckerpunch
mrrime,sunnyday
mrrime,swagger
mrrime,taunt
mrrime,teeterdance
mrrime,thief
mrrime,thunder
mrrime,thunderbolt
mrrime,thunderwave
mrrime,tickle
mrrime,torment
mrrime,trick
mrrime,trickroom
mrrime,tripleaxel
mrrime,uproar
mrrime,wonderroom
mrrime,zenheadbutt
runerigus,allyswitch
runerigus,amnesia
runerigus,attract
runerigus,bodypress
runerigus,brutalswing
runerigus,bulldoze
runerigus,calmmind
runerigus,confuseray
runerigus,curse
runerigus,darkpulse
runerigus,destinybond
runerigus,disable
runerigus,dragonpulse
runerigus,earthpower
runerigus,earthquake
runerigus,endure
runerigus,energyball
runerigus,facade
runerigus,faketears
runerigus,gigadrain
runerigus,gigaimpact
runerigus,grassknot
runerigus,guardsplit
runerigus,guardswap
runerigus,haze
runerigus,hex
runerigus,hyperbeam
runerigus,imprison
runerigus,irondefense
runerigus,meanlook
runerigus,memento
runerigus,nastyplot
runerigus,nightshade
runerigus,payback
runerigus,phantomforce
runerigus,poltergeist
runerigus,powersplit
runerigus,powerswap
runerigus,protect
runerigus,psychic
runerigus,psyshock
runerigus,raindance
runerigus,rest
runerigus,rockblast
runerigus,rockslide
runerigus,rocktomb
runerigus,round
runerigus,safeguard
runerigus,sandstorm
runerigus,sandtomb
runerigus,scaryface
runerigus,selfdestruct
runerigus,shadowball
runerigus,shadowclaw
runerigus,shadowpunch
runerigus,skillswap
runerigus,sleeptalk
runerigus,snore
runerigus,stealthrock
runerigus,stoneedge
runerigus,substitute
runerigus,taunt
runerigus,thief
runerigus,toxicspikes
runerigus,trick
runerigus,trickroom
runerigus,willowisp
runerigus,wonderroom
runerigus,zenheadbutt
alcremie,acidarmor
alcremie,alluringvoice
alcremie,aromaticmist
alcremie,attract
alcremie,babydolleyes
alcremie,calmmind
alcremie,charm
alcremie,dazzlinggleam
alcremie,decorate
alcremie,drainingkiss
alcremie,drainpunch
alcremie,encore
alcremie,endeavor
alcremie,endure
alcremie,energyball
alcremie,entrainment
alcremie,facade
alcremie,faketears
alcremie,fling
alcremie,gigadrain
alcremie,gigaimpact
alcremie,helpinghand
alcremie,hyperbeam
alcremie,imprison
alcremie,lastresort
alcremie,lightscreen
alcremie,magicroom
alcremie,mistyexplosion
alcremie,mistyterrain
alcremie,mysticalfire
alcremie,painsplit
alcremie,playrough
alcremie,protect
alcremie,psychic
alcremie,psychup
alcremie,psyshock
alcremie,recover
alcremie,rest
alcremie,round
alcremie,safeguard
alcremie,sleeptalk
alcremie,snore
alcremie,solarbeam
alcremie,storedpower
alcremie,substitute
alcremie,sweetkiss
alcremie,sweetscent
alcremie,triattack
alcremie,wonderroom
falinks,agility
falinks,assurance
falinks,beatup
falinks,bodypress
falinks,bodyslam
falinks,brickbreak
falinks,bulkup
falinks,closecombat
falinks,coaching
falinks,counter
falinks,doublehit
falinks,endeavor
falinks,endure
falinks,facade
falinks,firstimpression
falinks,focusblast
falinks,focusenergy
falinks,gigaimpact
falinks,helpinghand
falinks,highhorsepower
falinks,hyperbeam
falinks,irondefense
falinks,ironhead
falinks,knockoff
falinks,lunge
falinks,megahorn
falinks,noretreat
falinks,payback
falinks,poisonjab
falinks,protect
falinks,psychup
falinks,raindance
falinks,rest
falinks,reversal
falinks,rockslide
falinks,rocktomb
falinks,round
falinks,screech
falinks,seedbomb
falinks,sleeptalk
falinks,smartstrike
falinks,snore
falinks,substitute
falinks,sunnyday
falinks,superpower
falinks,swordsdance
falinks,throatchop
falinks,trailblaze
falinks,upperhand
falinks,uproar
falinks,zenheadbutt
morpeko,agility
morpeko,assurance
morpeko,aurawheel
morpeko,batonpass
morpeko,bite
morpeko,brickbreak
morpeko,bulletseed
morpeko,charge
morpeko,chargebeam
morpeko,crunch
morpeko,darkpulse
morpeko,doubleedge
morpeko,eerieimpulse
morpeko,electricterrain
morpeko,electroball
morpeko,electroweb
morpeko,endeavor
morpeko,endure
morpeko,facade
morpeko,fakeout
morpeko,faketears
morpeko,firefang
morpeko,flatter
morpeko,fling
morpeko,foulplay
morpeko,icefang
morpeko,knockoff
morpeko,lashout
morpeko,nastyplot
morpeko,outrage
morpeko,partingshot
morpeko,payback
morpeko,powertrip
morpeko,protect
morpeko,psychicfangs
morpeko,quash
morpeko,quickattack
morpeko,rapidspin
morpeko,rest
morpeko,reversal
morpeko,risingvoltage
morpeko,round
morpeko,scaryface
morpeko,seedbomb
morpeko,sleeptalk
morpeko,snarl
morpeko,snore
morpeko,spite
morpeko,stompingtantrum
morpeko,substitute
morpeko,superfang
morpeko,swagger
morpeko,taunt
morpeko,thief
morpeko,thrash
morpeko,thunder
morpeko,thunderbolt
morpeko,thunderfang
morpeko,thunderpunch
morpeko,thunderwave
morpeko,tickle
morpeko,torment
morpeko,uproar
morpeko,voltswitch
morpeko,wildcharge
dragapult,acrobatics
dragapult,agility
dragapult,assurance
dragapult,batonpass
dragapult,beatup
dragapult,bite
dragapult,bodyslam
dragapult,breakingswipe
dragapult,confuseray
dragapult,curse
dragapult,disable
dragapult,dive
dragapult,doubleedge
dragapult,doublehit
dragapult,doubleteam
dragapult,dracometeor
dragapult,dragoncheer
dragapult,dragonclaw
dragapult,dragondance
dragapult,dragondarts
dragapult,dragonpulse
dragapult,dragonrush
dragapult,dragontail
dragapult,endure
dragapult,facade
dragapult,fireblast
dragapult,flamethrower
dragapult,fly
dragapult,gigaimpact
dragapult,helpinghand
dragapult,hex
dragapult,hydropump
dragapult,hyperbeam
dragapult,infestation
dragapult,lastresort
dragapult,lightscreen
dragapult,lockon
dragapult,nightshade
dragapult,outrage
dragapult,phantomforce
dragapult,pounce
dragapult,protect
dragapult,psychicfangs
dragapult,quickattack
dragapult,reflect
dragapult,rest
dragapult,round
dragapult,shadowball
dragapult,sleeptalk
dragapult,snore
dragapult,solarbeam
dragapult,steelwing
dragapult,substitute
dragapult,suckerpunch
dragapult,sunnyday
dragapult,surf
dragapult,thief
dragapult,thunder
dragapult,thunderbolt
dragapult,thunderwave
dragapult,triattack
dragapult,uturn
dragapult,willowisp
wyrdeer,agility
wyrdeer,bite
wyrdeer,bodyslam
wyrdeer,bulldoze
wyrdeer,calmmind
wyrdeer,chargebeam
wyrdeer,confuseray
wyrdeer,curse
wyrdeer,dig
wyrdeer,disable
wyrdeer,doubleedge
wyrdeer,earthpower
wyrdeer,earthquake
wyrdeer,endure
wyrdeer,energyball
wyrdeer,expandingforce
wyrdeer,extrasensory
wyrdeer,facade
wyrdeer,futuresight
wyrdeer,gigaimpact
wyrdeer,gravity
wyrdeer,helpinghand
wyrdeer,highhorsepower
wyrdeer,hyperbeam
wyrdeer,hypnosis
wyrdeer,imprison
wyrdeer,lightscreen
wyrdeer,lunge
wyrdeer,megahorn
wyrdeer,protect
wyrdeer,psychic
wyrdeer,psychicnoise
wyrdeer,psychup
wyrdeer,psyshieldbash
wyrdeer,psyshock
wyrdeer,raindance
wyrdeer,reflect
wyrdeer,rest
wyrdeer,roar
wyrdeer,roleplay
wyrdeer,scaryface
wyrdeer,shadowball
wyrdeer,skillswap
wyrdeer,sleeptalk
wyrdeer,solarbeam
wyrdeer,spite
wyrdeer,storedpower
wyrdeer,substitute
wyrdeer,sunnyday
wyrdeer,thief
wyrdeer,thrash
wyrdeer,throatchop
wyrdeer,thunder
wyrdeer,thunderbolt
wyrdeer,thunderwave
wyrdeer,trailblaze
wyrdeer,trick
wyrdeer,trickroom
wyrdeer,uproar
wyrdeer,wildcharge
wyrdeer,zenheadbutt
kleavor,acrobatics
kleavor,aerialace
kleavor,agility
kleavor,aircutter
kleavor,airslash
kleavor,ancientpower
kleavor,batonpass
kleavor,brickbreak
kleavor,brutalswing
kleavor,bugbite
kleavor,bugbuzz
kleavor,closecombat
kleavor,counter
kleavor,defog
kleavor,doubleedge
kleavor,doublehit
kleavor,doubleteam
kleavor,dualwingbeat
kleavor,endure
kleavor,facade
kleavor,feint
kleavor,focusenergy
kleavor,gigaimpact
kleavor,helpinghand
kleavor,hyperbeam
kleavor,lightscreen
kleavor,lunge
kleavor,nightslash
kleavor,pounce
kleavor,protect
kleavor,quickattack
kleavor,quickguard
kleavor,raindance
kleavor,rest
kleavor,reversal
kleavor,rockblast
kleavor,rockslide
kleavor,rocktomb
kleavor,sandstorm
kleavor,scaryface
kleavor,skittersmack
kleavor,slash
kleavor,sleeptalk
kleavor,smackdown
kleavor,stealthrock
kleavor,stoneaxe
kleavor,stoneedge
kleavor,strugglebug
kleavor,substitute
kleavor,sunnyday
kleavor,swordsdance
kleavor,tailwind
kleavor,thief
kleavor,trailblaze
kleavor,uturn
kleavor,vacuumwave
kleavor,xscissor
basculegion,agility
basculegion,aquajet
basculegion,bite
basculegion,blizzard
basculegion,chillingwater
basculegion,confuseray
basculegion,crunch
basculegion,doubleedge
basculegion,endeavor
basculegion,endure
basculegion,facade
basculegion,flail
basculegion,flipturn
basculegion,gigaimpact
basculegion,headsmash
basculegion,hex
basculegion,hydropump
basculegion,hyperbeam
basculegion,icebeam
basculegion,icefang
basculegion,icywind
basculegion,lastrespects
basculegion,liquidation
basculegion,muddywater
basculegion,mudshot
basculegion,nightshade
basculegion,outrage
basculegion,painsplit
basculegion,phantomforce
basculegion,protect
basculegion,psychicfangs
basculegion,raindance
basculegion,rest
basculegion,scaleshot
basculegion,scaryface
basculegion,shadowball
basculegion,sleeptalk
basculegion,snowscape
basculegion,soak
basculegion,spite
basculegion,substitute
basculegion,surf
basculegion,thrash
basculegion,uproar
basculegion,waterfall
basculegion,waterpulse
basculegion,wavecrash
basculegion,whirlpool
basculegion,zenheadbutt
basculegionf,agility
basculegionf,aquajet
basculegionf,bite
basculegionf,blizzard
basculegionf,chillingwater
basculegionf,confuseray
basculegionf,crunch
basculegionf,doubleedge
basculegionf,endeavor
basculegionf,endure
basculegionf,facade
basculegionf,flail
basculegionf,flipturn
basculegionf,gigaimpact
basculegionf,headsmash
basculegionf,hex
basculegionf,hydropump
basculegionf,hyperbeam
basculegionf,icebeam
basculegionf,icefang
basculegionf,icywind
basculegionf,lastrespects
basculegionf,liquidation
basculegionf,muddywater
basculegionf,mudshot
basculegionf,nightshade
basculegionf,outrage
basculegionf,painsplit
basculegionf,phantomforce
basculegionf,protect
basculegionf,psychicfangs
basculegionf,raindance
basculegionf,rest
basculegionf,scaleshot
basculegionf,scaryface
basculegionf,shadowball
basculegionf,sleeptalk
basculegionf,snowscape
basculegionf,soak
basculegionf,spite
basculegionf,substitute
basculegionf,surf
basculegionf,thrash
basculegionf,uproar
basculegionf,waterfall
basculegionf,waterpulse
basculegionf,wavecrash
basculegionf,whirlpool
basculegionf,zenheadbutt
sneasler,acidspray
sneasler,acrobatics
sneasler,aerialace
sneasler,agility
sneasler,brickbreak
sneasler,bulkup
sneasler,calmmind
sneasler,closecombat
sneasler,coaching
sneasler,counter
sneasler,dig
sneasler,direclaw
sneasler,doublehit
sneasler,endure
sneasler,facade
sneasler,fakeout
sneasler,feint
sneasler,firepunch
sneasler,fling
sneasler,focusblast
sneasler,focuspunch
sneasler,gigaimpact
sneasler,grassknot
sneasler,gunkshot
sneasler,hyperbeam
sneasler,lashout
sneasler,lowkick
sneasler,lowsweep
sneasler,nastyplot
sneasler,nightslash
sneasler,poisonjab
sneasler,protect
sneasler,quickattack
sneasler,quickguard
sneasler,raindance
sneasler,rest
sneasler,reversal
sneasler,rockslide
sneasler,rocktomb
sneasler,screech
sneasler,shadowball
sneasler,shadowclaw
sneasler,slash
sneasler,sleeptalk
sneasler,sludgebomb
sneasler,sludgewave
sneasler,spite
sneasler,substitute
sneasler,sunnyday
sneasler,switcheroo
sneasler,swordsdance
sneasler,taunt
sneasler,thief
sneasler,throatchop
sneasler,toxic
sneasler,toxicspikes
sneasler,trailblaze
sneasler,upperhand
sneasler,uturn
sneasler,vacuumwave
sneasler,venoshock
sneasler,xscissor
overqwil,acidspray
overqwil,acupressure
overqwil,agility
overqwil,aquajet
overqwil,aquatail
overqwil,barbbarrage
overqwil,bite
overqwil,blizzard
overqwil,chillingwater
overqwil,crunch
overqwil,curse
overqwil,darkpulse
overqwil,destinybond
overqwil,doubleedge
overqwil,endure
overqwil,facade
overqwil,fellstinger
overqwil,flail
overqwil,gigaimpact
overqwil,gunkshot
overqwil,gyroball
overqwil,haze
overqwil,hex
overqwil,hydropump
overqwil,hyperbeam
overqwil,icebeam
overqwil,icywind
overqwil,lashout
overqwil,liquidation
overqwil,minimize
overqwil,mudshot
overqwil,painsplit
overqwil,pinmissile
overqwil,poisonjab
overqwil,protect
overqwil,raindance
overqwil,rest
overqwil,reversal
overqwil,scaleshot
overqwil,scaryface
overqwil,selfdestruct
overqwil,shadowball
overqwil,sleeptalk
overqwil,sludgebomb
overqwil,sludgewave
overqwil,smartstrike
overqwil,spikes
overqwil,spite
overqwil,spitup
overqwil,stockpile
overqwil,substitute
overqwil,surf
overqwil,swordsdance
overqwil,taunt
overqwil,throatchop
overqwil,toxic
overqwil,toxicspikes
overqwil,venoshock
overqwil,waterfall
overqwil,waterpulse
meowscarada,acrobatics
meowscarada,aerialace
meowscarada,agility
meowscarada,allyswitch
meowscarada,aurasphere
meowscarada,bite
meowscarada,brickbreak
meowscarada,bulletseed
meowscarada,charm
meowscarada,chillingwater
meowscarada,copycat
meowscarada,darkpulse
meowscarada,doubleteam
meowscarada,endure
meowscarada,energyball
meowscarada,facade
meowscarada,faketears
meowscarada,fling
meowscarada,flowertrick
meowscarada,foulplay
meowscarada,frenzyplant
meowscarada,gigadrain
meowscarada,gigaimpact
meowscarada,grassknot
meowscarada,grassyglide
meowscarada,grassyterrain
meowscarada,helpinghand
meowscarada,hyperbeam
meowscarada,knockoff
meowscarada,lashout
meowscarada,leafstorm
meowscarada,leechseed
meowscarada,lowkick
meowscarada,lowsweep
meowscarada,mudslap
meowscarada,nastyplot
meowscarada,nightslash
meowscarada,petalblizzard
meowscarada,playrough
meowscarada,pollenpuff
meowscarada,powergem
meowscarada,protect
meowscarada,psychup
meowscarada,quickattack
meowscarada,rest
meowscarada,seedbomb
meowscarada,shadowball
meowscarada,shadowclaw
meowscarada,skillswap
meowscarada,slash
meowscarada,sleeptalk
meowscarada,solarbeam
meowscarada,spikes
meowscarada,substitute
meowscarada,suckerpunch
meowscarada,taunt
meowscarada,thief
meowscarada,throatchop
meowscarada,thunderpunch
meowscarada,toxicspikes
meowscarada,trailblaze
meowscarada,trick
meowscarada,trickroom
meowscarada,tripleaxel
meowscarada,uturn
meowscarada,worryseed
skeledirge,alluringvoice
skeledirge,belch
skeledirge,bite
skeledirge,blastburn
skeledirge,bodyslam
skeledirge,burnup
skeledirge,crunch
skeledirge,curse
skeledirge,dig
skeledirge,earthpower
skeledirge,earthquake
skeledirge,encore
skeledirge,endure
skeledirge,facade
skeledirge,fireblast
skeledirge,firefang
skeledirge,firespin
skeledirge,flamecharge
skeledirge,flamethrower
skeledirge,flareblitz
skeledirge,gigaimpact
skeledirge,heatcrash
skeledirge,heatwave
skeledirge,helpinghand
skeledirge,hex
skeledirge,hyperbeam
skeledirge,hypervoice
skeledirge,imprison
skeledirge,mudslap
skeledirge,nightshade
skeledirge,outrage
skeledirge,overheat
skeledirge,poltergeist
skeledirge,protect
skeledirge,rest
skeledirge,roar
skeledirge,round
skeledirge,scaryface
skeledirge,scorchingsands
skeledirge,seedbomb
skeledirge,shadowball
skeledirge,shadowclaw
skeledirge,sing
skeledirge,slackoff
skeledirge,sleeptalk
skeledirge,snarl
skeledirge,solarbeam
skeledirge,stompingtantrum
skeledirge,substitute
skeledirge,sunnyday
skeledirge,temperflare
skeledirge,thunderfang
skeledirge,torchsong
skeledirge,willowisp
skeledirge,yawn
skeledirge,zenheadbutt
quaquaval,acrobatics
quaquaval,aerialace
quaquaval,agility
quaquaval,aircutter
quaquaval,airslash
quaquaval,aquacutter
quaquaval,aquajet
quaquaval,aquastep
quaquaval,batonpass
quaquaval,bravebird
quaquaval,brickbreak
quaquaval,bulkup
quaquaval,chillingwater
quaquaval,closecombat
quaquaval,coaching
quaquaval,counter
quaquaval,detect
quaquaval,doublehit
quaquaval,encore
quaquaval,endeavor
quaquaval,endure
quaquaval,facade
quaquaval,featherdance
quaquaval,fling
quaquaval,flipturn
quaquaval,focusenergy
quaquaval,gigaimpact
quaquaval,helpinghand
quaquaval,hurricane
quaquaval,hydrocannon
quaquaval,hydropump
quaquaval,hyperbeam
quaquaval,icespinner
quaquaval,icywind
quaquaval,knockoff
quaquaval,lastresort
quaquaval,liquidation
quaquaval,lowkick
quaquaval,lowsweep
quaquaval,megakick
quaquaval,mistyterrain
quaquaval,protect
quaquaval,psychup
quaquaval,raindance
quaquaval,rapidspin
quaquaval,rest
quaquaval,reversal
quaquaval,roost
quaquaval,sleeptalk
quaquaval,substitute
quaquaval,surf
quaquaval,swordsdance
quaquaval,taunt
quaquaval,tripleaxel
quaquaval,upperhand
quaquaval,uturn
quaquaval,waterpulse
quaquaval,wavecrash
quaquaval,whirlpool
maushold,aerialace
maushold,afteryou
maushold,agility
maushold,babydolleyes
maushold,batonpass
maushold,beatup
maushold,bite
maushold,bulletseed
maushold,charm
maushold,chillingwater
maushold,copycat
maushold,crunch
maushold,dig
maushold,doubleedge
maushold,doublehit
maushold,encore
maushold,endure
maushold,facade
maushold,faketears
maushold,feint
maushold,followme
maushold,gigaimpact
maushold,grassknot
maushold,helpinghand
maushold,hyperbeam
maushold,hypervoice
maushold,lowkick
maushold,lowsweep
maushold,mudshot
maushold,mudslap
maushold,playrough
maushold,populationbomb
maushold,protect
maushold,raindance
maushold,rest
maushold,seedbomb
maushold,shadowclaw
maushold,sleeptalk
maushold,substitute
maushold,sunnyday
maushold,superfang
maushold,switcheroo
maushold,taunt
maushold,thief
maushold,thunderwave
maushold,tickle
maushold,tidyup
maushold,trailblaze
maushold,uturn
maushold,waterpulse
mausholdfour,aerialace
mausholdfour,afteryou
mausholdfour,agility
mausholdfour,babydolleyes
mausholdfour,batonpass
mausholdfour,beatup
mausholdfour,bite
mausholdfour,bulletseed
mausholdfour,charm
mausholdfour,chillingwater
mausholdfour,copycat
mausholdfour,crunch
mausholdfour,dig
mausholdfour,doubleedge
mausholdfour,doublehit
mausholdfour,encore
mausholdfour,endure
mausholdfour,facade
mausholdfour,faketears
mausholdfour,feint
mausholdfour,followme
mausholdfour,gigaimpact
mausholdfour,grassknot
mausholdfour,helpinghand
mausholdfour,hyperbeam
mausholdfour,hypervoice
mausholdfour,lowkick
mausholdfour,lowsweep
mausholdfour,mudshot
mausholdfour,mudslap
mausholdfour,playrough
mausholdfour,populationbomb
mausholdfour,protect
mausholdfour,raindance
mausholdfour,rest
mausholdfour,seedbomb
mausholdfour,shadowclaw
mausholdfour,sleeptalk
mausholdfour,substitute
mausholdfour,sunnyday
mausholdfour,superfang
mausholdfour,switcheroo
mausholdfour,taunt
mausholdfour,thief
mausholdfour,thunderwave
mausholdfour,tickle
mausholdfour,tidyup
mausholdfour,trailblaze
mausholdfour,uturn
mausholdfour,waterpulse
garganacl,ancientpower
garganacl,avalanche
garganacl,block
garganacl,bodypress
garganacl,bodyslam
garganacl,brickbreak
garganacl,bulldoze
garganacl,curse
garganacl,dig
garganacl,doubleedge
garganacl,dynamicpunch
garganacl,earthpower
garganacl,earthquake
garganacl,endure
garganacl,explosion
garganacl,facade
garganacl,firepunch
garganacl,fissure
garganacl,flashcannon
garganacl,fling
garganacl,focuspunch
garganacl,gigaimpact
garganacl,gravity
garganacl,hammerarm
garganacl,hardpress
garganacl,heavyslam
garganacl,helpinghand
garganacl,hyperbeam
garganacl,icepunch
garganacl,irondefense
garganacl,ironhead
garganacl,meteorbeam
garganacl,mudshot
garganacl,powergem
garganacl,protect
garganacl,raindance
garganacl,recover
garganacl,rest
garganacl,rockblast
garganacl,rockpolish
garganacl,rockslide
garganacl,rocktomb
garganacl,saltcure
garganacl,sandstorm
garganacl,sleeptalk
garganacl,smackdown
garganacl,stealthrock
garganacl,stompingtantrum
garganacl,stoneedge
garganacl,substitute
garganacl,sunnyday
garganacl,thunderpunch
garganacl,wideguard
garganacl,zenheadbutt
armarouge,acidspray
armarouge,allyswitch
armarouge,armorcannon
armarouge,aurasphere
armarouge,burnup
armarouge,calmmind
armarouge,clearsmog
armarouge,confuseray
armarouge,darkpulse
armarouge,destinybond
armarouge,disable
armarouge,dragonpulse
armarouge,endure
armarouge,energyball
armarouge,expandingforce
armarouge,facade
armarouge,fireblast
armarouge,firespin
armarouge,flamecharge
armarouge,flamethrower
armarouge,flareblitz
armarouge,flashcannon
armarouge,fling
armarouge,focusblast
armarouge,heatwave
armarouge,helpinghand
armarouge,hyperbeam
armarouge,irondefense
armarouge,lavaplume
armarouge,lightscreen
armarouge,meteorbeam
armarouge,mysticalfire
armarouge,nightshade
armarouge,overheat
armarouge,protect
armarouge,psychic
armarouge,psychicterrain
armarouge,psychup
armarouge,psyshock
armarouge,reflect
armarouge,rest
armarouge,scorchingsands
armarouge,shadowball
armarouge,sleeptalk
armarouge,solarbeam
armarouge,spite
armarouge,storedpower
armarouge,substitute
armarouge,sunnyday
armarouge,taunt
armarouge,trick
armarouge,trickroom
armarouge,weatherball
armarouge,wideguard
armarouge,willowisp
ceruledge,allyswitch
ceruledge,bitterblade
ceruledge,brickbreak
ceruledge,bulkup
ceruledge,burnup
ceruledge,clearsmog
ceruledge,closecombat
ceruledge,confuseray
ceruledge,curse
ceruledge,destinybond
ceruledge,disable
ceruledge,dragonclaw
ceruledge,endure
ceruledge,facade
ceruledge,fireblast
ceruledge,firespin
ceruledge,flamecharge
ceruledge,flamethrower
ceruledge,flareblitz
ceruledge,fling
ceruledge,gigaimpact
ceruledge,heatwave
ceruledge,helpinghand
ceruledge,hex
ceruledge,irondefense
ceruledge,ironhead
ceruledge,lavaplume
ceruledge,lightscreen
ceruledge,nightshade
ceruledge,nightslash
ceruledge,overheat
ceruledge,phantomforce
ceruledge,poisonjab
ceruledge,poltergeist
ceruledge,protect
ceruledge,psychocut
ceruledge,psychup
ceruledge,quickguard
ceruledge,reflect
ceruledge,rest
ceruledge,shadowball
ceruledge,shadowclaw
ceruledge,shadowsneak
ceruledge,sleeptalk
ceruledge,solarblade
ceruledge,spite
ceruledge,storedpower
ceruledge,substitute
ceruledge,sunnyday
ceruledge,swordsdance
ceruledge,taunt
ceruledge,throatchop
ceruledge,vacuumwave
ceruledge,willowisp
ceruledge,xscissor
bellibolt,acidspray
bellibolt,charge
bellibolt,chargebeam
bellibolt,chillingwater
bellibolt,confuseray
bellibolt,discharge
bellibolt,eerieimpulse
bellibolt,electricterrain
bellibolt,electroball
bellibolt,electroweb
bellibolt,endure
bellibolt,flail
bellibolt,gigaimpact
bellibolt,hyperbeam
bellibolt,hypervoice
bellibolt,lightscreen
bellibolt,muddywater
bellibolt,mudshot
bellibolt,mudslap
bellibolt,paraboliccharge
bellibolt,protect
bellibolt,raindance
bellibolt,reflect
bellibolt,rest
bellibolt,slackoff
bellibolt,sleeptalk
bellibolt,soak
bellibolt,substitute
bellibolt,suckerpunch
bellibolt,supercellslam
bellibolt,thunder
bellibolt,thunderbolt
bellibolt,thunderwave
bellibolt,toxic
bellibolt,voltswitch
bellibolt,waterpulse
bellibolt,weatherball
bellibolt,wildcharge
bellibolt,zapcannon
scovillain,bite
scovillain,bulletseed
scovillain,burningjealousy
scovillain,crunch
scovillain,doublehit
scovillain,endeavor
scovillain,endure
scovillain,energyball
scovillain,facade
scovillain,fireblast
scovillain,firefang
scovillain,firespin
scovillain,flamethrower
scovillain,flareblitz
scovillain,gigadrain
scovillain,gigaimpact
scovillain,grassknot
scovillain,grassyglide
scovillain,grassyterrain
scovillain,growth
scovillain,helpinghand
scovillain,hyperbeam
scovillain,ingrain
scovillain,lashout
scovillain,leafstorm
scovillain,leechseed
scovillain,overheat
scovillain,protect
scovillain,ragepowder
scovillain,rest
scovillain,sandstorm
scovillain,scaryface
scovillain,seedbomb
scovillain,sleeptalk
scovillain,solarbeam
scovillain,spicyextract
scovillain,stompingtantrum
scovillain,substitute
scovillain,sunnyday
scovillain,superfang
scovillain,swagger
scovillain,temperflare
scovillain,thief
scovillain,thunderfang
scovillain,trailblaze
scovillain,willowisp
scovillain,worryseed
scovillain,zenheadbutt
espathra,aerialace
espathra,agility
espathra,allyswitch
espathra,babydolleyes
espathra,batonpass
espathra,bodyslam
espathra,bravebird
espathra,calmmind
espathra,confuseray
espathra,dazzlinggleam
espathra,doubleedge
espathra,drillpeck
espathra,endure
espathra,energyball
espathra,expandingforce
espathra,facade
espathra,featherdance
espathra,flashcannon
espathra,foulplay
espathra,gigaimpact
espathra,helpinghand
espathra,hex
espathra,hyperbeam
espathra,hypervoice
espathra,hypnosis
espathra,lastresort
espathra,lightscreen
espathra,lowkick
espathra,luminacrash
espathra,mudslap
espathra,nightshade
espathra,pluck
espathra,pounce
espathra,protect
espathra,psychic
espathra,psychicterrain
espathra,psychup
espathra,psyshock
espathra,quickattack
espathra,raindance
espathra,reflect
espathra,rest
espathra,roost
espathra,sandstorm
espathra,seedbomb
espathra,shadowball
espathra,skillswap
espathra,sleeptalk
espathra,storedpower
espathra,substitute
espathra,sunnyday
espathra,thief
espathra,trick
espathra,trickroom
espathra,uproar
espathra,uturn
espathra,zenheadbutt
tinkaton,babydolleyes
tinkaton,brickbreak
tinkaton,brutalswing
tinkaton,bulldoze
tinkaton,covet
tinkaton,drainingkiss
tinkaton,encore
tinkaton,endeavor
tinkaton,endure
tinkaton,facade
tinkaton,fakeout
tinkaton,faketears
tinkaton,feint
tinkaton,flashcannon
tinkaton,flatter
tinkaton,fling
tinkaton,foulplay
tinkaton,gigatonhammer
tinkaton,hardpress
tinkaton,heavyslam
tinkaton,helpinghand
tinkaton,icehammer
tinkaton,knockoff
tinkaton,lightscreen
tinkaton,metalsound
tinkaton,playrough
tinkaton,pounce
tinkaton,protect
tinkaton,quash
tinkaton,reflect
tinkaton,rest
tinkaton,rockslide
tinkaton,rocktomb
tinkaton,screech
tinkaton,skillswap
tinkaton,skittersmack
tinkaton,sleeptalk
tinkaton,smackdown
tinkaton,stealthrock
tinkaton,steelbeam
tinkaton,stoneedge
tinkaton,substitute
tinkaton,sweetkiss
tinkaton,swordsdance
tinkaton,thief
tinkaton,thunderwave
tinkaton,woodhammer
palafin,acrobatics
palafin,agility
palafin,aquajet
palafin,aquatail
palafin,aurasphere
palafin,blizzard
palafin,bodyslam
palafin,boomburst
palafin,bounce
palafin,bulkup
palafin,charm
palafin,chillingwater
palafin,closecombat
palafin,counter
palafin,dive
palafin,doublehit
palafin,drainingkiss
palafin,drainpunch
palafin,encore
palafin,endeavor
palafin,endure
palafin,facade
palafin,fling
palafin,flipturn
palafin,focusblast
palafin,focusenergy
palafin,focuspunch
palafin,gigaimpact
palafin,grassknot
palafin,hardpress
palafin,haze
palafin,helpinghand
palafin,hydropump
palafin,hyperbeam
palafin,hypervoice
palafin,icebeam
palafin,icepunch
palafin,icywind
palafin,ironhead
palafin,jetpunch
palafin,liquidation
palafin,outrage
palafin,protect
palafin,psychup
palafin,raindance
palafin,rest
palafin,reversal
palafin,sleeptalk
palafin,substitute
palafin,surf
palafin,taunt
palafin,throatchop
palafin,tickle
palafin,waterfall
palafin,waterpulse
palafin,wavecrash
palafin,whirlpool
palafin,zenheadbutt
orthworm,bodypress
orthworm,bodyslam
orthworm,bulldoze
orthworm,coil
orthworm,curse
orthworm,dig
orthworm,doubleedge
orthworm,earthpower
orthworm,earthquake
orthworm,endure
orthworm,facade
orthworm,flashcannon
orthworm,gigaimpact
orthworm,heavyslam
orthworm,helpinghand
orthworm,highhorsepower
orthworm,hyperbeam
orthworm,irondefense
orthworm,ironhead
orthworm,irontail
orthworm,metalburst
orthworm,metalsound
orthworm,mudshot
orthworm,mudslap
orthworm,protect
orthworm,rest
orthworm,rockblast
orthworm,rockslide
orthworm,rocktomb
orthworm,sandstorm
orthworm,sandtomb
orthworm,shedtail
orthworm,sleeptalk
orthworm,smackdown
orthworm,spikes
orthworm,stealthrock
orthworm,steelbeam
orthworm,stompingtantrum
orthworm,substitute
orthworm,wrap
glimmora,acidarmor
glimmora,acidspray
glimmora,ancientpower
glimmora,confuseray
glimmora,dazzlinggleam
glimmora,earthpower
glimmora,endure
glimmora,energyball
glimmora,explosion
glimmora,facade
glimmora,flashcannon
glimmora,gigaimpact
glimmora,gunkshot
glimmora,hyperbeam
glimmora,irondefense
glimmora,lightscreen
glimmora,memento
glimmora,meteorbeam
glimmora,mortalspin
glimmora,mudshot
glimmora,powergem
glimmora,protect
glimmora,raindance
glimmora,reflect
glimmora,rest
glimmora,rockblast
glimmora,rockpolish
glimmora,rockslide
glimmora,rocktomb
glimmora,sandstorm
glimmora,sandtomb
glimmora,selfdestruct
glimmora,sleeptalk
glimmora,sludgebomb
glimmora,sludgewave
glimmora,smackdown
glimmora,solarbeam
glimmora,spikes
glimmora,spikyshield
glimmora,stealthrock
glimmora,stoneedge
glimmora,substitute
glimmora,sunnyday
glimmora,toxic
glimmora,toxicspikes
glimmora,venoshock
houndstone,allyswitch
houndstone,bite
houndstone,bodypress
houndstone,bulldoze
houndstone,charm
houndstone,confuseray
houndstone,crunch
houndstone,destinybond
houndstone,dig
houndstone,disable
houndstone,doubleedge
houndstone,endeavor
houndstone,endure
houndstone,facade
houndstone,firefang
houndstone,gigaimpact
houndstone,helpinghand
houndstone,hex
houndstone,howl
houndstone,hyperbeam
houndstone,icefang
houndstone,lastrespects
houndstone,memento
houndstone,mudshot
houndstone,mudslap
houndstone,nightshade
houndstone,painsplit
houndstone,phantomforce
houndstone,playrough
houndstone,poltergeist
houndstone,protect
houndstone,psychicfangs
houndstone,raindance
houndstone,rest
houndstone,roar
houndstone,sandstorm
houndstone,scaryface
houndstone,shadowball
houndstone,shadowsneak
houndstone,sleeptalk
houndstone,snarl
houndstone,stompingtantrum
houndstone,substitute
houndstone,sunnyday
houndstone,swagger
houndstone,thief
houndstone,thunderfang
houndstone,trick
houndstone,uproar
houndstone,willowisp
houndstone,yawn
houndstone,zenheadbutt
annihilape,acrobatics
annihilape,assurance
annihilape,beatup
annihilape,bodyslam
annihilape,brickbreak
annihilape,bulkup
annihilape,bulldoze
annihilape,closecombat
annihilape,coaching
annihilape,counter
annihilape,crosschop
annihilape,curse
annihilape,dig
annihilape,doubleedge
annihilape,drainpunch
annihilape,dynamicpunch
annihilape,earthquake
annihilape,encore
annihilape,endeavor
annihilape,endure
annihilape,facade
annihilape,firepunch
annihilape,fling
annihilape,focusblast
annihilape,focusenergy
annihilape,focuspunch
annihilape,gigaimpact
annihilape,gunkshot
annihilape,helpinghand
annihilape,hyperbeam
annihilape,icepunch
annihilape,lashout
annihilape,lowkick
annihilape,lowsweep
annihilape,nightshade
annihilape,nightslash
annihilape,outrage
annihilape,overheat
annihilape,phantomforce
annihilape,poisonjab
annihilape,protect
annihilape,ragefist
annihilape,raindance
annihilape,rest
annihilape,reversal
annihilape,rockslide
annihilape,rocktomb
annihilape,scaryface
annihilape,screech
annihilape,seedbomb
annihilape,seismictoss
annihilape,shadowball
annihilape,shadowclaw
annihilape,shadowpunch
annihilape,sleeptalk
annihilape,smackdown
annihilape,spite
annihilape,stealthrock
annihilape,stompingtantrum
annihilape,stoneedge
annihilape,stormthrow
annihilape,substitute
annihilape,sunnyday
annihilape,swagger
annihilape,taunt
annihilape,thief
annihilape,thrash
annihilape,throatchop
annihilape,thunder
annihilape,thunderbolt
annihilape,thunderpunch
annihilape,torment
annihilape,uproar
annihilape,uturn
annihilape,vacuumwave
farigiraf,agility
farigiraf,allyswitch
farigiraf,amnesia
farigiraf,assurance
farigiraf,batonpass
farigiraf,beatup
farigiraf,bodyslam
farigiraf,bulldoze
farigiraf,calmmind
farigiraf,chargebeam
farigiraf,confuseray
farigiraf,crunch
farigiraf,curse
farigiraf,dazzlinggleam
farigiraf,doubleedge
farigiraf,doublehit
farigiraf,earthquake
farigiraf,endeavor
farigiraf,endure
farigiraf,energyball
farigiraf,expandingforce
farigiraf,facade
farigiraf,foulplay
farigiraf,futuresight
farigiraf,gigaimpact
farigiraf,grassknot
farigiraf,gravity
farigiraf,guardswap
farigiraf,helpinghand
farigiraf,highhorsepower
farigiraf,hyperbeam
farigiraf,hypervoice
farigiraf,imprison
farigiraf,ironhead
farigiraf,lightscreen
farigiraf,lowkick
farigiraf,meanlook
farigiraf,mirrorcoat
farigiraf,nastyplot
farigiraf,nightshade
farigiraf,powerswap
farigiraf,protect
farigiraf,psychic
farigiraf,psychicfangs
farigiraf,psychicnoise
farigiraf,psychicterrain
farigiraf,psychup
farigiraf,psyshock
farigiraf,raindance
farigiraf,reflect
farigiraf,rest
farigiraf,roar
farigiraf,shadowball
farigiraf,skillswap
farigiraf,sleeptalk
farigiraf,stompingtantrum
farigiraf,storedpower
farigiraf,substitute
farigiraf,sunnyday
farigiraf,thief
farigiraf,thunder
farigiraf,thunderbolt
farigiraf,thunderwave
farigiraf,trailblaze
farigiraf,trick
farigiraf,trickroom
farigiraf,twinbeam
farigiraf,uproar
farigiraf,wish
farigiraf,zenheadbutt
kingambit,aerialace
kingambit,airslash
kingambit,assurance
kingambit,brickbreak
kingambit,darkpulse
kingambit,dig
kingambit,endure
kingambit,facade
kingambit,flashcannon
kingambit,fling
kingambit,focusblast
kingambit,foulplay
kingambit,gigaimpact
kingambit,grassknot
kingambit,guillotine
kingambit,hyperbeam
kingambit,irondefense
kingambit,ironhead
kingambit,kowtowcleave
kingambit,lashout
kingambit,lowkick
kingambit,lowsweep
kingambit,meanlook
kingambit,metalburst
kingambit,metalsound
kingambit,nightslash
kingambit,poisonjab
kingambit,protect
kingambit,quickguard
kingambit,raindance
kingambit,rest
kingambit,reversal
kingambit,rocktomb
kingambit,sandstorm
kingambit,scaryface
kingambit,shadowclaw
kingambit,slash
kingambit,sleeptalk
kingambit,snarl
kingambit,spite
kingambit,stealthrock
kingambit,steelbeam
kingambit,stoneedge
kingambit,substitute
kingambit,suckerpunch
kingambit,swordsdance
kingambit,taunt
kingambit,thief
kingambit,throatchop
kingambit,thunderwave
kingambit,torment
kingambit,xscissor
kingambit,zenheadbutt
gholdengo,chargebeam
gholdengo,confuseray
gholdengo,dazzlinggleam
gholdengo,electroball
gholdengo,endure
gholdengo,flashcannon
gholdengo,fling
gholdengo,focusblast
gholdengo,focuspunch
gholdengo,gigaimpact
gholdengo,heavyslam
gholdengo,hex
gholdengo,hyperbeam
gholdengo,ironhead
gholdengo,lightscreen
gholdengo,lowkick
gholdengo,lowsweep
gholdengo,makeitrain
gholdengo,memento
gholdengo,metalsound
gholdengo,nastyplot
gholdengo,nightshade
gholdengo,poltergeist
gholdengo,powergem
gholdengo,protect
gholdengo,psychic
gholdengo,psyshock
gholdengo,recover
gholdengo,reflect
gholdengo,rest
gholdengo,sandstorm
gholdengo,shadowball
gholdengo,shadowpunch
gholdengo,sleeptalk
gholdengo,steelbeam
gholdengo,substitute
gholdengo,surf
gholdengo,thief
gholdengo,thunder
gholdengo,thunderbolt
gholdengo,thunderpunch
gholdengo,trick
sinistcha,calmmind
sinistcha,curse
sinistcha,endure
sinistcha,energyball
sinistcha,foulplay
sinistcha,gigadrain
sinistcha,grassyterrain
sinistcha,hex
sinistcha,hyperbeam
sinistcha,imprison
sinistcha,irondefense
sinistcha,leafstorm
sinistcha,lifedew
sinistcha,matchagotcha
sinistcha,memento
sinistcha,nastyplot
sinistcha,nightshade
sinistcha,painsplit
sinistcha,phantomforce
sinistcha,poltergeist
sinistcha,protect
sinistcha,psychup
sinistcha,ragepowder
sinistcha,reflect
sinistcha,rest
sinistcha,scald
sinistcha,shadowball
sinistcha,sleeptalk
sinistcha,solarbeam
sinistcha,spite
sinistcha,strengthsap
sinistcha,stunspore
sinistcha,substitute
sinistcha,trickroom
sinistcha,uproar
sinistchamasterpiece,calmmind
sinistchamasterpiece,curse
sinistchamasterpiece,endure
sinistchamasterpiece,energyball
sinistchamasterpiece,foulplay
sinistchamasterpiece,gigadrain
sinistchamasterpiece,grassyterrain
sinistchamasterpiece,hex
sinistchamasterpiece,hyperbeam
sinistchamasterpiece,imprison
sinistchamasterpiece,irondefense
sinistchamasterpiece,leafstorm
sinistchamasterpiece,lifedew
sinistchamasterpiece,matchagotcha
sinistchamasterpiece,memento
sinistchamasterpiece,nastyplot
sinistchamasterpiece,nightshade
sinistchamasterpiece,painsplit
sinistchamasterpiece,phantomforce
sinistchamasterpiece,poltergeist
sinistchamasterpiece,protect
sinistchamasterpiece,psychup
sinistchamasterpiece,ragepowder
sinistchamasterpiece,reflect
sinistchamasterpiece,rest
sinistchamasterpiece,scald
sinistchamasterpiece,shadowball
sinistchamasterpiece,sleeptalk
sinistchamasterpiece,solarbeam
sinistchamasterpiece,spite
sinistchamasterpiece,strengthsap
sinistchamasterpiece,stunspore
sinistchamasterpiece,substitute
sinistchamasterpiece,trickroom
sinistchamasterpiece,uproar
archaludon,aurasphere
archaludon,bodyslam
archaludon,breakingswipe
archaludon,brickbreak
archaludon,darkpulse
archaludon,doubleedge
archaludon,dracometeor
archaludon,dragoncheer
archaludon,dragonclaw
archaludon,dragonpulse
archaludon,dragontail
archaludon,earthquake
archaludon,electroshot
archaludon,endure
archaludon,facade
archaludon,flashcannon
archaludon,focusenergy
archaludon,foulplay
archaludon,gigaimpact
archaludon,gyroball
archaludon,hardpress
archaludon,heavyslam
archaludon,hyperbeam
archaludon,irondefense
archaludon,ironhead
archaludon,lightscreen
archaludon,metalburst
archaludon,metalsound
archaludon,meteorbeam
archaludon,mirrorcoat
archaludon,nightslash
archaludon,outrage
archaludon,protect
archaludon,reflect
archaludon,rest
archaludon,roar
archaludon,rockslide
archaludon,rocktomb
archaludon,scaryface
archaludon,sleeptalk
archaludon,smackdown
archaludon,snarl
archaludon,solarbeam
archaludon,stealthrock
archaludon,steelbeam
archaludon,stoneedge
archaludon,substitute
archaludon,swordsdance
archaludon,thunder
archaludon,thunderbolt
archaludon,thunderwave
hydrapple,bodypress
hydrapple,bodyslam
hydrapple,breakingswipe
hydrapple,bugbite
hydrapple,bulletseed
hydrapple,curse
hydrapple,doubleedge
hydrapple,doublehit
hydrapple,dracometeor
hydrapple,dragoncheer
hydrapple,dragonpulse
hydrapple,dragontail
hydrapple,earthpower
hydrapple,earthquake
hydrapple,endure
hydrapple,energyball
hydrapple,facade
hydrapple,ficklebeam
hydrapple,gigadrain
hydrapple,gigaimpact
hydrapple,grassknot
hydrapple,grassyglide
hydrapple,grassyterrain
hydrapple,growth
hydrapple,gyroball
hydrapple,heavyslam
hydrapple,hydropump
hydrapple,hyperbeam
hydrapple,infestation
hydrapple,leafstorm
hydrapple,nastyplot
hydrapple,outrage
hydrapple,pollenpuff
hydrapple,pounce
hydrapple,powerwhip
hydrapple,protect
hydrapple,raindance
hydrapple,recover
hydrapple,recycle
hydrapple,reflect
hydrapple,rest
hydrapple,seedbomb
hydrapple,sleeptalk
hydrapple,solarbeam
hydrapple,substitute
hydrapple,suckerpunch
hydrapple,sunnyday
hydrapple,sweetscent
hydrapple,syrupbomb
hydrapple,uproar
hydrapple,yawn
